cage_id,raw_column_name,sex,group,phase,day_night,session_number,session_start,session_end,reset_cycle,movement_mean_per_12h
MIX_F_Cage_1,MIX (F) 1,F,MIX,Untreated,Day,1,2026-04-14 07:00:01,2026-04-14 19:00:01,07:00/19:00,0.9066852367688022
MIX_F_Cage_1,MIX (F) 1,F,MIX,Untreated,Day,2,2026-04-15 07:00:05,2026-04-15 19:00:00,07:00/19:00,0.5828651685393258
MIX_F_Cage_1,MIX (F) 1,F,MIX,Untreated,Day,3,2026-04-16 07:00:00,2026-04-16 19:00:00,07:00/19:00,0.27492877492877493
MIX_F_Cage_1,MIX (F) 1,F,MIX,Untreated,Day,4,2026-04-17 07:00:00,2026-04-17 19:00:09,07:00/19:00,0.16877637130801687
MIX_F_Cage_1,MIX (F) 1,F,MIX,Untreated,Day,5,2026-04-18 07:00:00,2026-04-18 19:00:03,07:00/19:00,0.15804195804195803
MIX_F_Cage_1,MIX (F) 1,F,MIX,Untreated,Day,6,2026-04-19 07:00:00,2026-04-19 19:00:20,07:00/19:00,1.8262150220913107
MIX_F_Cage_1,MIX (F) 1,F,MIX,Untreated,Day,7,2026-04-20 07:00:00,2026-04-20 19:00:00,07:00/19:00,1.8228404099560762
MIX_F_Cage_1,MIX (F) 1,F,MIX,Untreated,Day,8,2026-04-21 07:00:00,2026-04-21 19:00:03,07:00/19:00,1.3514285714285714
MIX_F_Cage_1,MIX (F) 1,F,MIX,Untreated,Day,9,2026-04-22 07:00:00,2026-04-22 19:00:00,07:00/19:00,1.6013986013986015
MIX_F_Cage_1,MIX (F) 1,F,MIX,Untreated,Day,10,2026-04-23 07:00:00,2026-04-23 19:00:07,07:00/19:00,2.280626780626781
MIX_F_Cage_1,MIX (F) 1,F,MIX,Untreated,Day,11,2026-04-24 07:00:00,2026-04-24 19:00:00,07:00/19:00,1.9024390243902438
MIX_F_Cage_1,MIX (F) 1,F,MIX,Untreated,Day,12,2026-04-25 07:00:00,2026-04-25 19:00:00,07:00/19:00,2.57
MIX_F_Cage_1,MIX (F) 1,F,MIX,Untreated,Day,13,2026-04-26 07:00:00,2026-04-26 19:00:02,07:00/19:00,2.3568406205923838
MIX_F_Cage_1,MIX (F) 1,F,MIX,Treated,Day,15,2026-04-28 07:00:00,2026-04-28 19:00:00,07:00/19:00,0.7973372781065089
MIX_F_Cage_1,MIX (F) 1,F,MIX,Treated,Day,16,2026-04-29 07:00:01,2026-04-29 19:00:20,07:00/19:00,0.5058823529411764
MIX_F_Cage_1,MIX (F) 1,F,MIX,Treated,Day,17,2026-04-30 07:00:04,2026-04-30 19:00:10,07:00/19:00,0.345642540620384
MIX_F_Cage_1,MIX (F) 1,F,MIX,Treated,Day,18,2026-05-01 07:00:00,2026-05-01 19:00:05,07:00/19:00,0.9276218611521418
MIX_F_Cage_1,MIX (F) 1,F,MIX,Treated,Day,19,2026-05-02 07:00:00,2026-05-02 19:00:05,07:00/19:00,1.2521613832853027
MIX_F_Cage_1,MIX (F) 1,F,MIX,Treated,Day,20,2026-05-03 07:00:00,2026-05-03 19:00:00,07:00/19:00,1.4179104477611941
MIX_F_Cage_1,MIX (F) 1,F,MIX,Treated,Day,21,2026-05-04 07:00:01,2026-05-04 19:00:01,07:00/19:00,0.4671641791044776
MIX_F_Cage_1,MIX (F) 1,F,MIX,Treated,Day,22,2026-05-05 07:00:00,2026-05-05 19:01:05,07:00/19:00,1.1200607902735562
MIX_F_Cage_1,MIX (F) 1,F,MIX,Treated,Day,23,2026-05-06 07:00:00,2026-05-06 19:00:06,07:00/19:00,4.114406779661017
MIX_F_Cage_1,MIX (F) 1,F,MIX,Treated,Day,24,2026-05-07 07:00:01,2026-05-07 19:00:01,07:00/19:00,1.9353312302839116
MIX_F_Cage_1,MIX (F) 1,F,MIX,Treated,Day,25,2026-05-08 07:00:17,2026-05-08 19:01:02,07:00/19:00,0.06360946745562131
MIX_F_Cage_1,MIX (F) 1,F,MIX,Treated,Day,26,2026-05-09 07:00:00,2026-05-09 19:00:03,07:00/19:00,3.406609195402299
MIX_F_Cage_1,MIX (F) 1,F,MIX,Treated,Day,27,2026-05-10 07:00:00,2026-05-10 19:00:00,07:00/19:00,2.210995542347697
MIX_F_Cage_1,MIX (F) 1,F,MIX,Treated,Day,28,2026-05-11 07:00:00,2026-05-11 19:00:01,07:00/19:00,1.9253294289897511
MIX_F_Cage_1,MIX (F) 1,F,MIX,Treated,Day,29,2026-05-12 07:00:00,2026-05-12 19:00:03,07:00/19:00,2.2410714285714284
MIX_F_Cage_1,MIX (F) 1,F,MIX,Treated,Day,30,2026-05-13 07:00:02,2026-05-13 19:00:04,07:00/19:00,0.8311475409836065
MIX_F_Cage_1,MIX (F) 1,F,MIX,Treated,Day,31,2026-05-14 07:00:00,2026-05-14 19:00:18,07:00/19:00,0.5171339563862928
MIX_F_Cage_1,MIX (F) 1,F,MIX,Treated,Day,32,2026-05-15 07:00:00,2026-05-15 19:00:09,07:00/19:00,0.5858267716535434
MIX_F_Cage_1,MIX (F) 1,F,MIX,Treated,Day,33,2026-05-16 07:00:00,2026-05-16 19:00:00,07:00/19:00,1.9646302250803858
MIX_F_Cage_2,MIX (F) 2,F,MIX,Untreated,Day,1,2026-04-14 06:00:00,2026-04-14 18:00:03,06:00/18:00,0.0807799442896936
MIX_F_Cage_2,MIX (F) 2,F,MIX,Untreated,Day,2,2026-04-15 06:00:00,2026-04-15 18:00:03,06:00/18:00,0.16151685393258428
MIX_F_Cage_2,MIX (F) 2,F,MIX,Untreated,Day,3,2026-04-16 06:00:01,2026-04-16 18:00:03,06:00/18:00,0.1452991452991453
MIX_F_Cage_2,MIX (F) 2,F,MIX,Untreated,Day,4,2026-04-17 06:01:01,2026-04-17 18:00:00,06:00/18:00,0.1267605633802817
MIX_F_Cage_2,MIX (F) 2,F,MIX,Untreated,Day,5,2026-04-18 06:00:01,2026-04-18 18:00:01,06:00/18:00,4.839160839160839
MIX_F_Cage_2,MIX (F) 2,F,MIX,Untreated,Day,6,2026-04-19 06:00:02,2026-04-19 18:00:04,06:00/18:00,5.257731958762887
MIX_F_Cage_2,MIX (F) 2,F,MIX,Untreated,Day,7,2026-04-20 06:00:01,2026-04-20 18:00:04,06:00/18:00,6.276720351390923
MIX_F_Cage_2,MIX (F) 2,F,MIX,Untreated,Day,8,2026-04-21 06:01:00,2026-04-21 18:00:07,06:00/18:00,6.742489270386266
MIX_F_Cage_2,MIX (F) 2,F,MIX,Untreated,Day,9,2026-04-22 06:00:00,2026-04-22 18:00:00,06:00/18:00,5.443356643356643
MIX_F_Cage_2,MIX (F) 2,F,MIX,Untreated,Day,10,2026-04-23 06:00:01,2026-04-23 18:00:00,06:00/18:00,6.183760683760684
MIX_F_Cage_2,MIX (F) 2,F,MIX,Untreated,Day,11,2026-04-24 06:00:01,2026-04-24 18:00:03,06:00/18:00,4.284074605451937
MIX_F_Cage_2,MIX (F) 2,F,MIX,Untreated,Day,12,2026-04-25 06:00:00,2026-04-25 18:00:21,06:00/18:00,5.994285714285715
MIX_F_Cage_2,MIX (F) 2,F,MIX,Untreated,Day,13,2026-04-26 06:00:01,2026-04-26 18:00:00,06:00/18:00,4.16056338028169
MIX_F_Cage_2,MIX (F) 2,F,MIX,Untreated,Day,14,2026-04-27 06:00:02,2026-04-27 18:00:06,06:00/18:00,6.146853146853147
MIX_F_Cage_2,MIX (F) 2,F,MIX,Treated,Day,15,2026-04-28 06:00:00,2026-04-28 18:00:04,06:00/18:00,3.713864306784661
MIX_F_Cage_2,MIX (F) 2,F,MIX,Treated,Day,16,2026-04-29 06:00:02,2026-04-29 18:00:01,06:00/18:00,4.392647058823529
MIX_F_Cage_2,MIX (F) 2,F,MIX,Treated,Day,17,2026-04-30 06:00:01,2026-04-30 18:00:01,06:00/18:00,1.9425625920471281
MIX_F_Cage_2,MIX (F) 2,F,MIX,Treated,Day,18,2026-05-01 06:00:06,2026-05-01 18:00:01,06:00/18:00,1.2720588235294117
MIX_F_Cage_2,MIX (F) 2,F,MIX,Treated,Day,19,2026-05-02 06:01:00,2026-05-02 17:59:54,06:00/18:00,4.873015873015873
MIX_F_Cage_2,MIX (F) 2,F,MIX,Treated,Day,20,2026-05-03 06:00:00,2026-05-03 18:00:08,06:00/18:00,3.2492537313432837
MIX_F_Cage_2,MIX (F) 2,F,MIX,Treated,Day,21,2026-05-04 06:00:00,2026-05-04 18:00:18,06:00/18:00,2.7776119402985073
MIX_F_Cage_2,MIX (F) 2,F,MIX,Treated,Day,22,2026-05-05 06:00:00,2026-05-05 18:00:02,06:00/18:00,5.241641337386018
MIX_F_Cage_2,MIX (F) 2,F,MIX,Treated,Day,23,2026-05-06 06:00:01,2026-05-06 18:00:05,06:00/18:00,3.4887005649717513
MIX_F_Cage_2,MIX (F) 2,F,MIX,Treated,Day,24,2026-05-07 06:00:00,2026-05-07 18:00:01,06:00/18:00,1.608832807570978
MIX_F_Cage_2,MIX (F) 2,F,MIX,Treated,Day,25,2026-05-08 06:00:00,2026-05-08 18:00:05,06:00/18:00,1.6430678466076696
MIX_F_Cage_2,MIX (F) 2,F,MIX,Treated,Day,26,2026-05-09 06:00:00,2026-05-09 18:00:03,06:00/18:00,1.6695402298850575
MIX_F_Cage_2,MIX (F) 2,F,MIX,Treated,Day,27,2026-05-10 06:00:00,2026-05-10 18:00:00,06:00/18:00,2.594074074074074
MIX_F_Cage_2,MIX (F) 2,F,MIX,Treated,Day,28,2026-05-11 06:00:01,2026-05-11 18:00:00,06:00/18:00,4.658892128279883
MIX_F_Cage_2,MIX (F) 2,F,MIX,Treated,Day,29,2026-05-12 06:00:00,2026-05-12 18:00:01,06:00/18:00,3.4226190476190474
MIX_F_Cage_2,MIX (F) 2,F,MIX,Treated,Day,30,2026-05-13 06:00:00,2026-05-13 17:59:54,06:00/18:00,2.852216748768473
MIX_F_Cage_2,MIX (F) 2,F,MIX,Treated,Day,31,2026-05-14 06:00:01,2026-05-14 18:00:00,06:00/18:00,3.8441358024691357
MIX_F_Cage_2,MIX (F) 2,F,MIX,Treated,Day,32,2026-05-15 06:00:01,2026-05-15 18:00:19,06:00/18:00,2.4748427672955975
MIX_F_Cage_2,MIX (F) 2,F,MIX,Treated,Day,33,2026-05-16 06:00:00,2026-05-16 18:00:42,06:00/18:00,4.337078651685394
R837_F_Cage_1,R837 (F) 1,F,R837,Untreated,Day,1,2026-04-14 07:00:01,2026-04-14 19:00:01,07:00/19:00,0.44428969359331477
R837_F_Cage_1,R837 (F) 1,F,R837,Untreated,Day,2,2026-04-15 07:00:05,2026-04-15 19:00:00,07:00/19:00,0.6713483146067416
R837_F_Cage_1,R837 (F) 1,F,R837,Untreated,Day,3,2026-04-16 07:00:00,2026-04-16 19:00:00,07:00/19:00,0.6054131054131054
R837_F_Cage_1,R837 (F) 1,F,R837,Untreated,Day,4,2026-04-17 07:00:00,2026-04-17 19:00:09,07:00/19:00,1.50070323488045
R837_F_Cage_1,R837 (F) 1,F,R837,Untreated,Day,5,2026-04-18 07:00:00,2026-04-18 19:00:03,07:00/19:00,10.632167832167832
R837_F_Cage_1,R837 (F) 1,F,R837,Untreated,Day,6,2026-04-19 07:00:00,2026-04-19 19:00:20,07:00/19:00,7.344624447717231
R837_F_Cage_1,R837 (F) 1,F,R837,Untreated,Day,7,2026-04-20 07:00:00,2026-04-20 19:00:00,07:00/19:00,8.317715959004392
R837_F_Cage_1,R837 (F) 1,F,R837,Untreated,Day,8,2026-04-21 07:00:00,2026-04-21 19:00:03,07:00/19:00,9.141428571428571
R837_F_Cage_1,R837 (F) 1,F,R837,Untreated,Day,9,2026-04-22 07:00:00,2026-04-22 19:00:00,07:00/19:00,8.517482517482517
R837_F_Cage_1,R837 (F) 1,F,R837,Untreated,Day,10,2026-04-23 07:00:00,2026-04-23 19:00:07,07:00/19:00,9.8005698005698
R837_F_Cage_1,R837 (F) 1,F,R837,Untreated,Day,11,2026-04-24 07:00:00,2026-04-24 19:00:00,07:00/19:00,6.259684361549498
R837_F_Cage_1,R837 (F) 1,F,R837,Untreated,Day,12,2026-04-25 07:00:00,2026-04-25 19:00:00,07:00/19:00,6.8342857142857145
R837_F_Cage_1,R837 (F) 1,F,R837,Untreated,Day,13,2026-04-26 07:00:00,2026-04-26 19:00:02,07:00/19:00,7.338504936530325
R837_F_Cage_1,R837 (F) 1,F,R837,Treated,Day,15,2026-04-28 07:00:00,2026-04-28 19:00:00,07:00/19:00,5.335798816568047
R837_F_Cage_1,R837 (F) 1,F,R837,Treated,Day,16,2026-04-29 07:00:01,2026-04-29 19:00:20,07:00/19:00,3.135294117647059
R837_F_Cage_1,R837 (F) 1,F,R837,Treated,Day,17,2026-04-30 07:00:04,2026-04-30 19:00:10,07:00/19:00,2.741506646971935
R837_F_Cage_1,R837 (F) 1,F,R837,Treated,Day,18,2026-05-01 07:00:00,2026-05-01 19:00:05,07:00/19:00,1.589364844903988
R837_F_Cage_1,R837 (F) 1,F,R837,Treated,Day,19,2026-05-02 07:00:00,2026-05-02 19:00:05,07:00/19:00,1.5389048991354466
R837_F_Cage_1,R837 (F) 1,F,R837,Treated,Day,20,2026-05-03 07:00:00,2026-05-03 19:00:00,07:00/19:00,2.5850746268656715
R837_F_Cage_1,R837 (F) 1,F,R837,Treated,Day,21,2026-05-04 07:00:01,2026-05-04 19:00:01,07:00/19:00,7.313432835820896
R837_F_Cage_1,R837 (F) 1,F,R837,Treated,Day,22,2026-05-05 07:00:00,2026-05-05 19:01:05,07:00/19:00,5.439209726443769
R837_F_Cage_1,R837 (F) 1,F,R837,Treated,Day,23,2026-05-06 07:00:00,2026-05-06 19:00:06,07:00/19:00,3.51271186440678
R837_F_Cage_1,R837 (F) 1,F,R837,Treated,Day,24,2026-05-07 07:00:01,2026-05-07 19:00:01,07:00/19:00,6.668769716088328
R837_F_Cage_1,R837 (F) 1,F,R837,Treated,Day,25,2026-05-08 07:00:17,2026-05-08 19:01:02,07:00/19:00,4.072485207100592
R837_F_Cage_1,R837 (F) 1,F,R837,Treated,Day,26,2026-05-09 07:00:00,2026-05-09 19:00:03,07:00/19:00,2.1738505747126435
R837_F_Cage_1,R837 (F) 1,F,R837,Treated,Day,27,2026-05-10 07:00:00,2026-05-10 19:00:00,07:00/19:00,5.591381872213967
R837_F_Cage_1,R837 (F) 1,F,R837,Treated,Day,28,2026-05-11 07:00:00,2026-05-11 19:00:01,07:00/19:00,3.5461200585651538
R837_F_Cage_1,R837 (F) 1,F,R837,Treated,Day,29,2026-05-12 07:00:00,2026-05-12 19:00:03,07:00/19:00,3.544642857142857
R837_F_Cage_1,R837 (F) 1,F,R837,Treated,Day,30,2026-05-13 07:00:02,2026-05-13 19:00:04,07:00/19:00,5.157377049180328
R837_F_Cage_1,R837 (F) 1,F,R837,Treated,Day,31,2026-05-14 07:00:00,2026-05-14 19:00:18,07:00/19:00,6.200934579439252
R837_F_Cage_1,R837 (F) 1,F,R837,Treated,Day,32,2026-05-15 07:00:00,2026-05-15 19:00:09,07:00/19:00,6.177952755905512
R837_F_Cage_1,R837 (F) 1,F,R837,Treated,Day,33,2026-05-16 07:00:00,2026-05-16 19:00:00,07:00/19:00,0.3954983922829582
R837_F_Cage_2,R837 (F) 2,F,R837,Untreated,Day,1,2026-04-14 07:00:01,2026-04-14 19:00:01,07:00/19:00,3.532033426183844
R837_F_Cage_2,R837 (F) 2,F,R837,Untreated,Day,2,2026-04-15 07:00:05,2026-04-15 19:00:00,07:00/19:00,4.435393258426966
R837_F_Cage_2,R837 (F) 2,F,R837,Untreated,Day,3,2026-04-16 07:00:00,2026-04-16 19:00:00,07:00/19:00,28.52279202279202
R837_F_Cage_2,R837 (F) 2,F,R837,Untreated,Day,4,2026-04-17 07:00:00,2026-04-17 19:00:09,07:00/19:00,2.0914205344585093
R837_F_Cage_2,R837 (F) 2,F,R837,Untreated,Day,5,2026-04-18 07:00:00,2026-04-18 19:00:03,07:00/19:00,2.2433566433566434
R837_F_Cage_2,R837 (F) 2,F,R837,Untreated,Day,6,2026-04-19 07:00:00,2026-04-19 19:00:20,07:00/19:00,3.0191458026509572
R837_F_Cage_2,R837 (F) 2,F,R837,Untreated,Day,7,2026-04-20 07:00:00,2026-04-20 19:00:00,07:00/19:00,2.768667642752562
R837_F_Cage_2,R837 (F) 2,F,R837,Untreated,Day,8,2026-04-21 07:00:00,2026-04-21 19:00:03,07:00/19:00,2.5485714285714285
R837_F_Cage_2,R837 (F) 2,F,R837,Untreated,Day,9,2026-04-22 07:00:00,2026-04-22 19:00:00,07:00/19:00,2.3524475524475523
R837_F_Cage_2,R837 (F) 2,F,R837,Untreated,Day,10,2026-04-23 07:00:00,2026-04-23 19:00:07,07:00/19:00,1.9145299145299146
R837_F_Cage_2,R837 (F) 2,F,R837,Untreated,Day,11,2026-04-24 07:00:00,2026-04-24 19:00:00,07:00/19:00,1.248206599713056
R837_F_Cage_2,R837 (F) 2,F,R837,Untreated,Day,12,2026-04-25 07:00:00,2026-04-25 19:00:00,07:00/19:00,1.7285714285714286
R837_F_Cage_2,R837 (F) 2,F,R837,Untreated,Day,13,2026-04-26 07:00:00,2026-04-26 19:00:02,07:00/19:00,1.7235543018335684
R837_F_Cage_2,R837 (F) 2,F,R837,Treated,Day,15,2026-04-28 07:00:00,2026-04-28 19:00:00,07:00/19:00,1.8683431952662721
R837_F_Cage_2,R837 (F) 2,F,R837,Treated,Day,16,2026-04-29 07:00:01,2026-04-29 19:00:20,07:00/19:00,2.638235294117647
R837_F_Cage_2,R837 (F) 2,F,R837,Treated,Day,17,2026-04-30 07:00:04,2026-04-30 19:00:10,07:00/19:00,2.586410635155096
R837_F_Cage_2,R837 (F) 2,F,R837,Treated,Day,18,2026-05-01 07:00:00,2026-05-01 19:00:05,07:00/19:00,1.7799113737075332
R837_F_Cage_2,R837 (F) 2,F,R837,Treated,Day,19,2026-05-02 07:00:00,2026-05-02 19:00:05,07:00/19:00,1.5648414985590777
R837_F_Cage_2,R837 (F) 2,F,R837,Treated,Day,20,2026-05-03 07:00:00,2026-05-03 19:00:00,07:00/19:00,2.934328358208955
R837_F_Cage_2,R837 (F) 2,F,R837,Treated,Day,21,2026-05-04 07:00:01,2026-05-04 19:00:01,07:00/19:00,4.692537313432836
R837_F_Cage_2,R837 (F) 2,F,R837,Treated,Day,22,2026-05-05 07:00:00,2026-05-05 19:01:05,07:00/19:00,2.2006079027355625
R837_F_Cage_2,R837 (F) 2,F,R837,Treated,Day,23,2026-05-06 07:00:00,2026-05-06 19:00:06,07:00/19:00,4.120056497175141
R837_F_Cage_2,R837 (F) 2,F,R837,Treated,Day,24,2026-05-07 07:00:01,2026-05-07 19:00:01,07:00/19:00,6.072555205047319
R837_F_Cage_2,R837 (F) 2,F,R837,Treated,Day,25,2026-05-08 07:00:17,2026-05-08 19:01:02,07:00/19:00,2.1804733727810652
R837_F_Cage_2,R837 (F) 2,F,R837,Treated,Day,26,2026-05-09 07:00:00,2026-05-09 19:00:03,07:00/19:00,1.3721264367816093
R837_F_Cage_2,R837 (F) 2,F,R837,Treated,Day,27,2026-05-10 07:00:00,2026-05-10 19:00:00,07:00/19:00,1.589895988112927
R837_F_Cage_2,R837 (F) 2,F,R837,Treated,Day,28,2026-05-11 07:00:00,2026-05-11 19:00:01,07:00/19:00,2.1874084919472914
R837_F_Cage_2,R837 (F) 2,F,R837,Treated,Day,29,2026-05-12 07:00:00,2026-05-12 19:00:03,07:00/19:00,1.2098214285714286
R837_F_Cage_2,R837 (F) 2,F,R837,Treated,Day,30,2026-05-13 07:00:02,2026-05-13 19:00:04,07:00/19:00,2.124590163934426
R837_F_Cage_2,R837 (F) 2,F,R837,Treated,Day,31,2026-05-14 07:00:00,2026-05-14 19:00:18,07:00/19:00,1.7881619937694704
R837_F_Cage_2,R837 (F) 2,F,R837,Treated,Day,32,2026-05-15 07:00:00,2026-05-15 19:00:09,07:00/19:00,1.1559055118110235
R837_F_Cage_2,R837 (F) 2,F,R837,Treated,Day,33,2026-05-16 07:00:00,2026-05-16 19:00:00,07:00/19:00,1.0691318327974277
RU521_F_Cage_1,RU521 (F) 1,F,RU521,Untreated,Day,1,2026-04-14 07:00:01,2026-04-14 19:00:01,07:00/19:00,3.0487465181058497
RU521_F_Cage_1,RU521 (F) 1,F,RU521,Untreated,Day,2,2026-04-15 07:00:05,2026-04-15 19:00:00,07:00/19:00,0.3890449438202247
RU521_F_Cage_1,RU521 (F) 1,F,RU521,Untreated,Day,3,2026-04-16 07:00:00,2026-04-16 19:00:00,07:00/19:00,1.329059829059829
RU521_F_Cage_1,RU521 (F) 1,F,RU521,Untreated,Day,4,2026-04-17 07:00:00,2026-04-17 19:00:09,07:00/19:00,0.4388185654008439
RU521_F_Cage_1,RU521 (F) 1,F,RU521,Untreated,Day,5,2026-04-18 07:00:00,2026-04-18 19:00:03,07:00/19:00,2.6615384615384614
RU521_F_Cage_1,RU521 (F) 1,F,RU521,Untreated,Day,6,2026-04-19 07:00:00,2026-04-19 19:00:20,07:00/19:00,0.8556701030927835
RU521_F_Cage_1,RU521 (F) 1,F,RU521,Untreated,Day,7,2026-04-20 07:00:00,2026-04-20 19:00:00,07:00/19:00,3.1068814055636897
RU521_F_Cage_1,RU521 (F) 1,F,RU521,Untreated,Day,8,2026-04-21 07:00:00,2026-04-21 19:00:03,07:00/19:00,4.264285714285714
RU521_F_Cage_1,RU521 (F) 1,F,RU521,Untreated,Day,9,2026-04-22 07:00:00,2026-04-22 19:00:00,07:00/19:00,0.2867132867132867
RU521_F_Cage_1,RU521 (F) 1,F,RU521,Untreated,Day,10,2026-04-23 07:00:00,2026-04-23 19:00:07,07:00/19:00,0.9472934472934473
RU521_F_Cage_1,RU521 (F) 1,F,RU521,Untreated,Day,11,2026-04-24 07:00:00,2026-04-24 19:00:00,07:00/19:00,1.0329985652797704
RU521_F_Cage_1,RU521 (F) 1,F,RU521,Untreated,Day,12,2026-04-25 07:00:00,2026-04-25 19:00:00,07:00/19:00,0.24
RU521_F_Cage_1,RU521 (F) 1,F,RU521,Untreated,Day,13,2026-04-26 07:00:00,2026-04-26 19:00:02,07:00/19:00,0.17912552891396333
RU521_F_Cage_1,RU521 (F) 1,F,RU521,Treated,Day,15,2026-04-28 07:00:00,2026-04-28 19:00:00,07:00/19:00,2.8032544378698225
RU521_F_Cage_1,RU521 (F) 1,F,RU521,Treated,Day,16,2026-04-29 07:00:01,2026-04-29 19:00:20,07:00/19:00,9.257352941176471
RU521_F_Cage_1,RU521 (F) 1,F,RU521,Treated,Day,17,2026-04-30 07:00:04,2026-04-30 19:00:10,07:00/19:00,2.478581979320532
RU521_F_Cage_1,RU521 (F) 1,F,RU521,Treated,Day,18,2026-05-01 07:00:00,2026-05-01 19:00:05,07:00/19:00,4.7695716395864105
RU521_F_Cage_1,RU521 (F) 1,F,RU521,Treated,Day,19,2026-05-02 07:00:00,2026-05-02 19:00:05,07:00/19:00,3.3126801152737753
RU521_F_Cage_1,RU521 (F) 1,F,RU521,Treated,Day,20,2026-05-03 07:00:00,2026-05-03 19:00:00,07:00/19:00,2.8059701492537314
RU521_F_Cage_1,RU521 (F) 1,F,RU521,Treated,Day,21,2026-05-04 07:00:01,2026-05-04 19:00:01,07:00/19:00,1.8656716417910448
RU521_F_Cage_1,RU521 (F) 1,F,RU521,Treated,Day,22,2026-05-05 07:00:00,2026-05-05 19:01:05,07:00/19:00,3.9711246200607904
RU521_F_Cage_1,RU521 (F) 1,F,RU521,Treated,Day,23,2026-05-06 07:00:00,2026-05-06 19:00:06,07:00/19:00,2.6610169491525424
RU521_F_Cage_1,RU521 (F) 1,F,RU521,Treated,Day,24,2026-05-07 07:00:01,2026-05-07 19:00:01,07:00/19:00,1.4211356466876972
RU521_F_Cage_1,RU521 (F) 1,F,RU521,Treated,Day,25,2026-05-08 07:00:17,2026-05-08 19:01:02,07:00/19:00,2.764792899408284
RU521_F_Cage_1,RU521 (F) 1,F,RU521,Treated,Day,26,2026-05-09 07:00:00,2026-05-09 19:00:03,07:00/19:00,2.307471264367816
RU521_F_Cage_1,RU521 (F) 1,F,RU521,Treated,Day,27,2026-05-10 07:00:00,2026-05-10 19:00:00,07:00/19:00,3.662704309063893
RU521_F_Cage_1,RU521 (F) 1,F,RU521,Treated,Day,28,2026-05-11 07:00:00,2026-05-11 19:00:01,07:00/19:00,5.064421669106881
RU521_F_Cage_1,RU521 (F) 1,F,RU521,Treated,Day,29,2026-05-12 07:00:00,2026-05-12 19:00:03,07:00/19:00,3.5089285714285716
RU521_F_Cage_1,RU521 (F) 1,F,RU521,Treated,Day,30,2026-05-13 07:00:02,2026-05-13 19:00:04,07:00/19:00,1.8655737704918032
RU521_F_Cage_1,RU521 (F) 1,F,RU521,Treated,Day,31,2026-05-14 07:00:00,2026-05-14 19:00:18,07:00/19:00,1.9143302180685358
RU521_F_Cage_1,RU521 (F) 1,F,RU521,Treated,Day,32,2026-05-15 07:00:00,2026-05-15 19:00:09,07:00/19:00,3.8724409448818897
RU521_F_Cage_1,RU521 (F) 1,F,RU521,Treated,Day,33,2026-05-16 07:00:00,2026-05-16 19:00:00,07:00/19:00,0.9308681672025724
RU521_F_Cage_2,RU521 (F) 2,F,RU521,Untreated,Day,1,2026-04-14 06:00:00,2026-04-14 18:00:03,06:00/18:00,4.50974930362117
RU521_F_Cage_2,RU521 (F) 2,F,RU521,Untreated,Day,2,2026-04-15 06:00:00,2026-04-15 18:00:03,06:00/18:00,9.268258426966293
RU521_F_Cage_2,RU521 (F) 2,F,RU521,Untreated,Day,3,2026-04-16 06:00:01,2026-04-16 18:00:03,06:00/18:00,3.443019943019943
RU521_F_Cage_2,RU521 (F) 2,F,RU521,Untreated,Day,4,2026-04-17 06:01:01,2026-04-17 18:00:00,06:00/18:00,5.214084507042253
RU521_F_Cage_2,RU521 (F) 2,F,RU521,Untreated,Day,5,2026-04-18 06:00:01,2026-04-18 18:00:01,06:00/18:00,7.927272727272728
RU521_F_Cage_2,RU521 (F) 2,F,RU521,Untreated,Day,6,2026-04-19 06:00:02,2026-04-19 18:00:04,06:00/18:00,5.435935198821797
RU521_F_Cage_2,RU521 (F) 2,F,RU521,Untreated,Day,7,2026-04-20 06:00:01,2026-04-20 18:00:04,06:00/18:00,5.909224011713031
RU521_F_Cage_2,RU521 (F) 2,F,RU521,Untreated,Day,8,2026-04-21 06:01:00,2026-04-21 18:00:07,06:00/18:00,4.1144492131616595
RU521_F_Cage_2,RU521 (F) 2,F,RU521,Untreated,Day,9,2026-04-22 06:00:00,2026-04-22 18:00:00,06:00/18:00,5.496503496503497
RU521_F_Cage_2,RU521 (F) 2,F,RU521,Untreated,Day,10,2026-04-23 06:00:01,2026-04-23 18:00:00,06:00/18:00,5.220797720797721
RU521_F_Cage_2,RU521 (F) 2,F,RU521,Untreated,Day,11,2026-04-24 06:00:01,2026-04-24 18:00:03,06:00/18:00,5.216642754662841
RU521_F_Cage_2,RU521 (F) 2,F,RU521,Untreated,Day,12,2026-04-25 06:00:00,2026-04-25 18:00:21,06:00/18:00,5.595714285714286
RU521_F_Cage_2,RU521 (F) 2,F,RU521,Untreated,Day,13,2026-04-26 06:00:01,2026-04-26 18:00:00,06:00/18:00,5.6112676056338024
RU521_F_Cage_2,RU521 (F) 2,F,RU521,Untreated,Day,14,2026-04-27 06:00:02,2026-04-27 18:00:06,06:00/18:00,4.704895104895105
RU521_F_Cage_2,RU521 (F) 2,F,RU521,Treated,Day,15,2026-04-28 06:00:00,2026-04-28 18:00:04,06:00/18:00,6.382005899705015
RU521_F_Cage_2,RU521 (F) 2,F,RU521,Treated,Day,16,2026-04-29 06:00:02,2026-04-29 18:00:01,06:00/18:00,3.2661764705882352
RU521_F_Cage_2,RU521 (F) 2,F,RU521,Treated,Day,17,2026-04-30 06:00:01,2026-04-30 18:00:01,06:00/18:00,2.284241531664212
RU521_F_Cage_2,RU521 (F) 2,F,RU521,Treated,Day,18,2026-05-01 06:00:06,2026-05-01 18:00:01,06:00/18:00,3.9573529411764707
RU521_F_Cage_2,RU521 (F) 2,F,RU521,Treated,Day,19,2026-05-02 06:01:00,2026-05-02 17:59:54,06:00/18:00,4.91919191919192
RU521_F_Cage_2,RU521 (F) 2,F,RU521,Treated,Day,20,2026-05-03 06:00:00,2026-05-03 18:00:08,06:00/18:00,3.373134328358209
RU521_F_Cage_2,RU521 (F) 2,F,RU521,Treated,Day,21,2026-05-04 06:00:00,2026-05-04 18:00:18,06:00/18:00,6.714925373134329
RU521_F_Cage_2,RU521 (F) 2,F,RU521,Treated,Day,22,2026-05-05 06:00:00,2026-05-05 18:00:02,06:00/18:00,3.452887537993921
RU521_F_Cage_2,RU521 (F) 2,F,RU521,Treated,Day,23,2026-05-06 06:00:01,2026-05-06 18:00:05,06:00/18:00,4.686440677966102
RU521_F_Cage_2,RU521 (F) 2,F,RU521,Treated,Day,24,2026-05-07 06:00:00,2026-05-07 18:00:01,06:00/18:00,1.5189274447949528
RU521_F_Cage_2,RU521 (F) 2,F,RU521,Treated,Day,25,2026-05-08 06:00:00,2026-05-08 18:00:05,06:00/18:00,2.9070796460176993
RU521_F_Cage_2,RU521 (F) 2,F,RU521,Treated,Day,26,2026-05-09 06:00:00,2026-05-09 18:00:03,06:00/18:00,2.3951149425287355
RU521_F_Cage_2,RU521 (F) 2,F,RU521,Treated,Day,27,2026-05-10 06:00:00,2026-05-10 18:00:00,06:00/18:00,2.9407407407407407
RU521_F_Cage_2,RU521 (F) 2,F,RU521,Treated,Day,28,2026-05-11 06:00:01,2026-05-11 18:00:00,06:00/18:00,4.129737609329446
RU521_F_Cage_2,RU521 (F) 2,F,RU521,Treated,Day,29,2026-05-12 06:00:00,2026-05-12 18:00:01,06:00/18:00,4.3125
RU521_F_Cage_2,RU521 (F) 2,F,RU521,Treated,Day,30,2026-05-13 06:00:00,2026-05-13 17:59:54,06:00/18:00,3.825944170771757
RU521_F_Cage_2,RU521 (F) 2,F,RU521,Treated,Day,31,2026-05-14 06:00:01,2026-05-14 18:00:00,06:00/18:00,4.3842592592592595
RU521_F_Cage_2,RU521 (F) 2,F,RU521,Treated,Day,32,2026-05-15 06:00:01,2026-05-15 18:00:19,06:00/18:00,4.411949685534591
RU521_F_Cage_2,RU521 (F) 2,F,RU521,Treated,Day,33,2026-05-16 06:00:00,2026-05-16 18:00:42,06:00/18:00,2.0834670947030496
MIX_F_Cage_1,MIX (F) 1,F,MIX,Untreated,Night,1,2026-04-13 19:00:08,2026-04-14 07:00:01,07:00/19:00,1.3852573018080667
MIX_F_Cage_1,MIX (F) 1,F,MIX,Untreated,Night,2,2026-04-14 19:00:01,2026-04-15 07:00:05,07:00/19:00,1.8788300835654597
MIX_F_Cage_1,MIX (F) 1,F,MIX,Untreated,Night,3,2026-04-15 19:00:00,2026-04-16 07:00:00,07:00/19:00,2.777468706536857
MIX_F_Cage_1,MIX (F) 1,F,MIX,Untreated,Night,4,2026-04-16 19:00:00,2026-04-17 07:00:00,07:00/19:00,1.0862308762169681
MIX_F_Cage_1,MIX (F) 1,F,MIX,Untreated,Night,5,2026-04-17 19:00:09,2026-04-18 07:00:00,07:00/19:00,1.9554937413073714
MIX_F_Cage_1,MIX (F) 1,F,MIX,Untreated,Night,6,2026-04-18 19:00:03,2026-04-19 07:00:00,07:00/19:00,1.172461752433936
MIX_F_Cage_1,MIX (F) 1,F,MIX,Untreated,Night,7,2026-04-19 19:00:20,2026-04-20 07:00:00,07:00/19:00,11.065368567454799
MIX_F_Cage_1,MIX (F) 1,F,MIX,Untreated,Night,8,2026-04-20 19:00:00,2026-04-21 07:00:00,07:00/19:00,11.808066759388039
MIX_F_Cage_1,MIX (F) 1,F,MIX,Untreated,Night,9,2026-04-21 19:00:03,2026-04-22 07:00:00,07:00/19:00,13.111265646731571
MIX_F_Cage_1,MIX (F) 1,F,MIX,Untreated,Night,10,2026-04-22 19:00:00,2026-04-23 07:00:00,07:00/19:00,12.998609179415855
MIX_F_Cage_1,MIX (F) 1,F,MIX,Untreated,Night,11,2026-04-23 19:00:07,2026-04-24 07:00:00,07:00/19:00,12.86509040333797
MIX_F_Cage_1,MIX (F) 1,F,MIX,Untreated,Night,12,2026-04-24 19:00:00,2026-04-25 07:00:00,07:00/19:00,12.401947148817802
MIX_F_Cage_1,MIX (F) 1,F,MIX,Untreated,Night,13,2026-04-25 19:00:00,2026-04-26 07:00:00,07:00/19:00,13.342618384401113
MIX_F_Cage_1,MIX (F) 1,F,MIX,Untreated,Night,14,2026-04-26 19:00:02,2026-04-27 07:00:00,07:00/19:00,13.507649513212796
MIX_F_Cage_1,MIX (F) 1,F,MIX,Treated,Night,15,2026-04-27 19:00:00,2026-04-28 07:00:00,07:00/19:00,7.773296244784423
MIX_F_Cage_1,MIX (F) 1,F,MIX,Treated,Night,16,2026-04-28 19:00:00,2026-04-29 07:00:01,07:00/19:00,0.25312934631432543
MIX_F_Cage_1,MIX (F) 1,F,MIX,Treated,Night,17,2026-04-29 19:00:20,2026-04-30 07:00:04,07:00/19:00,8.458970792767733
MIX_F_Cage_1,MIX (F) 1,F,MIX,Treated,Night,18,2026-04-30 19:00:10,2026-05-01 07:00:00,07:00/19:00,6.849791376912378
MIX_F_Cage_1,MIX (F) 1,F,MIX,Treated,Night,19,2026-05-01 19:00:05,2026-05-02 07:00:00,07:00/19:00,11.21557719054242
MIX_F_Cage_1,MIX (F) 1,F,MIX,Treated,Night,20,2026-05-02 19:00:05,2026-05-03 07:00:00,07:00/19:00,13.27538247566064
MIX_F_Cage_1,MIX (F) 1,F,MIX,Treated,Night,21,2026-05-03 19:00:00,2026-05-04 07:00:01,07:00/19:00,10.794158553546593
MIX_F_Cage_1,MIX (F) 1,F,MIX,Treated,Night,22,2026-05-04 19:00:01,2026-05-05 07:00:00,07:00/19:00,1.506258692628651
MIX_F_Cage_1,MIX (F) 1,F,MIX,Treated,Night,23,2026-05-05 19:01:05,2026-05-06 07:00:00,07:00/19:00,8.54317548746518
MIX_F_Cage_1,MIX (F) 1,F,MIX,Treated,Night,24,2026-05-06 19:00:06,2026-05-07 07:00:01,07:00/19:00,16.46453407510431
MIX_F_Cage_1,MIX (F) 1,F,MIX,Treated,Night,25,2026-05-07 19:00:01,2026-05-08 07:00:17,07:00/19:00,0.43115438108484005
MIX_F_Cage_1,MIX (F) 1,F,MIX,Treated,Night,26,2026-05-08 19:01:02,2026-05-09 07:00:00,07:00/19:00,2.105849582172702
MIX_F_Cage_1,MIX (F) 1,F,MIX,Treated,Night,27,2026-05-09 19:00:03,2026-05-10 07:00:00,07:00/19:00,7.803894297635605
MIX_F_Cage_1,MIX (F) 1,F,MIX,Treated,Night,28,2026-05-10 19:00:00,2026-05-11 07:00:00,07:00/19:00,15.25173852573018
MIX_F_Cage_1,MIX (F) 1,F,MIX,Treated,Night,29,2026-05-11 19:00:01,2026-05-12 07:00:00,07:00/19:00,10.367176634214186
MIX_F_Cage_1,MIX (F) 1,F,MIX,Treated,Night,30,2026-05-12 19:00:03,2026-05-13 07:00:02,07:00/19:00,15.698191933240611
MIX_F_Cage_1,MIX (F) 1,F,MIX,Treated,Night,31,2026-05-13 19:00:04,2026-05-14 07:00:00,07:00/19:00,0.7566063977746871
MIX_F_Cage_1,MIX (F) 1,F,MIX,Treated,Night,32,2026-05-14 19:00:18,2026-05-15 07:00:00,07:00/19:00,1.0139082058414464
MIX_F_Cage_1,MIX (F) 1,F,MIX,Treated,Night,33,2026-05-15 19:00:09,2026-05-16 07:00:00,07:00/19:00,9.7663421418637
MIX_F_Cage_1,MIX (F) 1,F,MIX,Treated,Night,34,2026-05-16 19:00:00,2026-05-17 07:00:02,07:00/19:00,16.66573816155989
MIX_F_Cage_2,MIX (F) 2,F,MIX,Untreated,Night,1,2026-04-13 18:00:00,2026-04-14 06:00:00,06:00/18:00,0.2994428969359331
MIX_F_Cage_2,MIX (F) 2,F,MIX,Untreated,Night,2,2026-04-14 18:00:03,2026-04-15 06:00:00,06:00/18:00,0.4178272980501393
MIX_F_Cage_2,MIX (F) 2,F,MIX,Untreated,Night,3,2026-04-15 18:00:03,2026-04-16 06:00:01,06:00/18:00,0.5479833101529903
MIX_F_Cage_2,MIX (F) 2,F,MIX,Untreated,Night,4,2026-04-16 18:00:03,2026-04-17 06:01:01,06:00/18:00,0.3541666666666667
MIX_F_Cage_2,MIX (F) 2,F,MIX,Untreated,Night,5,2026-04-17 18:00:00,2026-04-18 06:00:01,06:00/18:00,9.09318497913769
MIX_F_Cage_2,MIX (F) 2,F,MIX,Untreated,Night,6,2026-04-18 18:00:01,2026-04-19 06:00:02,06:00/18:00,15.141863699582753
MIX_F_Cage_2,MIX (F) 2,F,MIX,Untreated,Night,7,2026-04-19 18:00:04,2026-04-20 06:00:01,06:00/18:00,14.204450625869264
MIX_F_Cage_2,MIX (F) 2,F,MIX,Untreated,Night,8,2026-04-20 18:00:04,2026-04-21 06:01:00,06:00/18:00,12.529166666666667
MIX_F_Cage_2,MIX (F) 2,F,MIX,Untreated,Night,9,2026-04-21 18:00:07,2026-04-22 06:00:00,06:00/18:00,12.751043115438108
MIX_F_Cage_2,MIX (F) 2,F,MIX,Untreated,Night,10,2026-04-22 18:00:00,2026-04-23 06:00:01,06:00/18:00,13.072322670375522
MIX_F_Cage_2,MIX (F) 2,F,MIX,Untreated,Night,11,2026-04-23 18:00:00,2026-04-24 06:00:01,06:00/18:00,13.816411682892907
MIX_F_Cage_2,MIX (F) 2,F,MIX,Untreated,Night,12,2026-04-24 18:00:03,2026-04-25 06:00:00,06:00/18:00,13.582753824756606
MIX_F_Cage_2,MIX (F) 2,F,MIX,Untreated,Night,13,2026-04-25 18:00:21,2026-04-26 06:00:01,06:00/18:00,14.299442896935933
MIX_F_Cage_2,MIX (F) 2,F,MIX,Untreated,Night,14,2026-04-26 18:00:00,2026-04-27 06:00:02,06:00/18:00,15.842618384401113
MIX_F_Cage_2,MIX (F) 2,F,MIX,Treated,Night,16,2026-04-28 18:00:04,2026-04-29 06:00:02,06:00/18:00,10.622036262203626
MIX_F_Cage_2,MIX (F) 2,F,MIX,Treated,Night,17,2026-04-29 18:00:01,2026-04-30 06:00:01,06:00/18:00,11.773296244784422
MIX_F_Cage_2,MIX (F) 2,F,MIX,Treated,Night,18,2026-04-30 18:00:01,2026-05-01 06:00:06,06:00/18:00,1.2482566248256626
MIX_F_Cage_2,MIX (F) 2,F,MIX,Treated,Night,19,2026-05-01 18:00:01,2026-05-02 06:01:00,06:00/18:00,9.707112970711297
MIX_F_Cage_2,MIX (F) 2,F,MIX,Treated,Night,20,2026-05-02 17:59:54,2026-05-03 06:00:00,06:00/18:00,13.442280945757997
MIX_F_Cage_2,MIX (F) 2,F,MIX,Treated,Night,21,2026-05-03 18:00:08,2026-05-04 06:00:00,06:00/18:00,10.795549374130736
MIX_F_Cage_2,MIX (F) 2,F,MIX,Treated,Night,22,2026-05-04 18:00:18,2026-05-05 06:00:00,06:00/18:00,8.147426981919333
MIX_F_Cage_2,MIX (F) 2,F,MIX,Treated,Night,23,2026-05-05 18:00:02,2026-05-06 06:00:01,06:00/18:00,9.348189415041782
MIX_F_Cage_2,MIX (F) 2,F,MIX,Treated,Night,24,2026-05-06 18:00:05,2026-05-07 06:00:00,06:00/18:00,1.5187760778859527
MIX_F_Cage_2,MIX (F) 2,F,MIX,Treated,Night,25,2026-05-07 18:00:01,2026-05-08 06:00:00,06:00/18:00,3.902642559109875
MIX_F_Cage_2,MIX (F) 2,F,MIX,Treated,Night,26,2026-05-08 18:00:05,2026-05-09 06:00:00,06:00/18:00,6.171787709497207
MIX_F_Cage_2,MIX (F) 2,F,MIX,Treated,Night,27,2026-05-09 18:00:03,2026-05-10 06:00:00,06:00/18:00,9.002781641168289
MIX_F_Cage_2,MIX (F) 2,F,MIX,Treated,Night,28,2026-05-10 18:00:00,2026-05-11 06:00:01,06:00/18:00,9.567642956764296
MIX_F_Cage_2,MIX (F) 2,F,MIX,Treated,Night,29,2026-05-11 18:00:00,2026-05-12 06:00:00,06:00/18:00,8.277932960893855
MIX_F_Cage_2,MIX (F) 2,F,MIX,Treated,Night,30,2026-05-12 18:00:01,2026-05-13 06:00:00,06:00/18:00,11.496522948539639
MIX_F_Cage_2,MIX (F) 2,F,MIX,Treated,Night,31,2026-05-13 17:59:54,2026-05-14 06:00:01,06:00/18:00,9.393055555555556
MIX_F_Cage_2,MIX (F) 2,F,MIX,Treated,Night,32,2026-05-14 18:00:00,2026-05-15 06:00:01,06:00/18:00,7.761570827489481
MIX_F_Cage_2,MIX (F) 2,F,MIX,Treated,Night,33,2026-05-15 18:00:19,2026-05-16 06:00:00,06:00/18:00,9.37325905292479
MIX_F_Cage_2,MIX (F) 2,F,MIX,Treated,Night,34,2026-05-16 18:00:42,2026-05-17 06:00:00,06:00/18:00,14.725244072524408
R837_F_Cage_1,R837 (F) 1,F,R837,Untreated,Night,1,2026-04-13 19:00:08,2026-04-14 07:00:01,07:00/19:00,6.350486787204451
R837_F_Cage_1,R837 (F) 1,F,R837,Untreated,Night,2,2026-04-14 19:00:01,2026-04-15 07:00:05,07:00/19:00,3.9442896935933147
R837_F_Cage_1,R837 (F) 1,F,R837,Untreated,Night,3,2026-04-15 19:00:00,2026-04-16 07:00:00,07:00/19:00,1.6759388038942977
R837_F_Cage_1,R837 (F) 1,F,R837,Untreated,Night,4,2026-04-16 19:00:00,2026-04-17 07:00:00,07:00/19:00,5.791376912378303
R837_F_Cage_1,R837 (F) 1,F,R837,Untreated,Night,5,2026-04-17 19:00:09,2026-04-18 07:00:00,07:00/19:00,13.481223922114047
R837_F_Cage_1,R837 (F) 1,F,R837,Untreated,Night,6,2026-04-18 19:00:03,2026-04-19 07:00:00,07:00/19:00,15.051460361613351
R837_F_Cage_1,R837 (F) 1,F,R837,Untreated,Night,7,2026-04-19 19:00:20,2026-04-20 07:00:00,07:00/19:00,15.830319888734353
R837_F_Cage_1,R837 (F) 1,F,R837,Untreated,Night,8,2026-04-20 19:00:00,2026-04-21 07:00:00,07:00/19:00,11.642559109874826
R837_F_Cage_1,R837 (F) 1,F,R837,Untreated,Night,9,2026-04-21 19:00:03,2026-04-22 07:00:00,07:00/19:00,10.920723226703755
R837_F_Cage_1,R837 (F) 1,F,R837,Untreated,Night,10,2026-04-22 19:00:00,2026-04-23 07:00:00,07:00/19:00,15.492350486787204
R837_F_Cage_1,R837 (F) 1,F,R837,Untreated,Night,11,2026-04-23 19:00:07,2026-04-24 07:00:00,07:00/19:00,16.64673157162726
R837_F_Cage_1,R837 (F) 1,F,R837,Untreated,Night,12,2026-04-24 19:00:00,2026-04-25 07:00:00,07:00/19:00,12.47009735744089
R837_F_Cage_1,R837 (F) 1,F,R837,Untreated,Night,13,2026-04-25 19:00:00,2026-04-26 07:00:00,07:00/19:00,14.615598885793872
R837_F_Cage_1,R837 (F) 1,F,R837,Untreated,Night,14,2026-04-26 19:00:02,2026-04-27 07:00:00,07:00/19:00,14.762169680111265
R837_F_Cage_1,R837 (F) 1,F,R837,Treated,Night,15,2026-04-27 19:00:00,2026-04-28 07:00:00,07:00/19:00,13.600834492350486
R837_F_Cage_1,R837 (F) 1,F,R837,Treated,Night,16,2026-04-28 19:00:00,2026-04-29 07:00:01,07:00/19:00,7.297635605006954
R837_F_Cage_1,R837 (F) 1,F,R837,Treated,Night,17,2026-04-29 19:00:20,2026-04-30 07:00:04,07:00/19:00,8.242002781641169
R837_F_Cage_1,R837 (F) 1,F,R837,Treated,Night,18,2026-04-30 19:00:10,2026-05-01 07:00:00,07:00/19:00,7.787204450625869
R837_F_Cage_1,R837 (F) 1,F,R837,Treated,Night,19,2026-05-01 19:00:05,2026-05-02 07:00:00,07:00/19:00,10.689847009735745
R837_F_Cage_1,R837 (F) 1,F,R837,Treated,Night,20,2026-05-02 19:00:05,2026-05-03 07:00:00,07:00/19:00,14.301808066759389
R837_F_Cage_1,R837 (F) 1,F,R837,Treated,Night,21,2026-05-03 19:00:00,2026-05-04 07:00:01,07:00/19:00,11.674547983310154
R837_F_Cage_1,R837 (F) 1,F,R837,Treated,Night,22,2026-05-04 19:00:01,2026-05-05 07:00:00,07:00/19:00,9.732962447844228
R837_F_Cage_1,R837 (F) 1,F,R837,Treated,Night,23,2026-05-05 19:01:05,2026-05-06 07:00:00,07:00/19:00,16.445682451253482
R837_F_Cage_1,R837 (F) 1,F,R837,Treated,Night,24,2026-05-06 19:00:06,2026-05-07 07:00:01,07:00/19:00,8.561891515994438
R837_F_Cage_1,R837 (F) 1,F,R837,Treated,Night,25,2026-05-07 19:00:01,2026-05-08 07:00:17,07:00/19:00,12.891515994436718
R837_F_Cage_1,R837 (F) 1,F,R837,Treated,Night,26,2026-05-08 19:01:02,2026-05-09 07:00:00,07:00/19:00,7.479108635097493
R837_F_Cage_1,R837 (F) 1,F,R837,Treated,Night,27,2026-05-09 19:00:03,2026-05-10 07:00:00,07:00/19:00,13.757997218358831
R837_F_Cage_1,R837 (F) 1,F,R837,Treated,Night,28,2026-05-10 19:00:00,2026-05-11 07:00:00,07:00/19:00,14.442280945757997
R837_F_Cage_1,R837 (F) 1,F,R837,Treated,Night,29,2026-05-11 19:00:01,2026-05-12 07:00:00,07:00/19:00,19.260083449235047
R837_F_Cage_1,R837 (F) 1,F,R837,Treated,Night,30,2026-05-12 19:00:03,2026-05-13 07:00:02,07:00/19:00,16.518776077885953
R837_F_Cage_1,R837 (F) 1,F,R837,Treated,Night,31,2026-05-13 19:00:04,2026-05-14 07:00:00,07:00/19:00,16.228094575799723
R837_F_Cage_1,R837 (F) 1,F,R837,Treated,Night,32,2026-05-14 19:00:18,2026-05-15 07:00:00,07:00/19:00,10.05980528511822
R837_F_Cage_1,R837 (F) 1,F,R837,Treated,Night,33,2026-05-15 19:00:09,2026-05-16 07:00:00,07:00/19:00,11.965229485396383
R837_F_Cage_1,R837 (F) 1,F,R837,Treated,Night,34,2026-05-16 19:00:00,2026-05-17 07:00:02,07:00/19:00,5.504178272980502
R837_F_Cage_2,R837 (F) 2,F,R837,Untreated,Night,1,2026-04-13 19:00:08,2026-04-14 07:00:01,07:00/19:00,16.1432545201669
R837_F_Cage_2,R837 (F) 2,F,R837,Untreated,Night,2,2026-04-14 19:00:01,2026-04-15 07:00:05,07:00/19:00,10.981894150417828
R837_F_Cage_2,R837 (F) 2,F,R837,Untreated,Night,3,2026-04-15 19:00:00,2026-04-16 07:00:00,07:00/19:00,20.08623087621697
R837_F_Cage_2,R837 (F) 2,F,R837,Untreated,Night,4,2026-04-16 19:00:00,2026-04-17 07:00:00,07:00/19:00,31.390820584144645
R837_F_Cage_2,R837 (F) 2,F,R837,Untreated,Night,5,2026-04-17 19:00:09,2026-04-18 07:00:00,07:00/19:00,7.016689847009736
R837_F_Cage_2,R837 (F) 2,F,R837,Untreated,Night,6,2026-04-18 19:00:03,2026-04-19 07:00:00,07:00/19:00,5.678720445062587
R837_F_Cage_2,R837 (F) 2,F,R837,Untreated,Night,7,2026-04-19 19:00:20,2026-04-20 07:00:00,07:00/19:00,5.178025034770514
R837_F_Cage_2,R837 (F) 2,F,R837,Untreated,Night,8,2026-04-20 19:00:00,2026-04-21 07:00:00,07:00/19:00,5.757997218358832
R837_F_Cage_2,R837 (F) 2,F,R837,Untreated,Night,9,2026-04-21 19:00:03,2026-04-22 07:00:00,07:00/19:00,5.78442280945758
R837_F_Cage_2,R837 (F) 2,F,R837,Untreated,Night,10,2026-04-22 19:00:00,2026-04-23 07:00:00,07:00/19:00,4.187760778859527
R837_F_Cage_2,R837 (F) 2,F,R837,Untreated,Night,11,2026-04-23 19:00:07,2026-04-24 07:00:00,07:00/19:00,5.5577190542420025
R837_F_Cage_2,R837 (F) 2,F,R837,Untreated,Night,12,2026-04-24 19:00:00,2026-04-25 07:00:00,07:00/19:00,5.076495132127955
R837_F_Cage_2,R837 (F) 2,F,R837,Untreated,Night,13,2026-04-25 19:00:00,2026-04-26 07:00:00,07:00/19:00,3.902506963788301
R837_F_Cage_2,R837 (F) 2,F,R837,Untreated,Night,14,2026-04-26 19:00:02,2026-04-27 07:00:00,07:00/19:00,3.7663421418636998
R837_F_Cage_2,R837 (F) 2,F,R837,Treated,Night,15,2026-04-27 19:00:00,2026-04-28 07:00:00,07:00/19:00,4.499304589707927
R837_F_Cage_2,R837 (F) 2,F,R837,Treated,Night,16,2026-04-28 19:00:00,2026-04-29 07:00:01,07:00/19:00,1.439499304589708
R837_F_Cage_2,R837 (F) 2,F,R837,Treated,Night,17,2026-04-29 19:00:20,2026-04-30 07:00:04,07:00/19:00,3.267037552155772
R837_F_Cage_2,R837 (F) 2,F,R837,Treated,Night,18,2026-04-30 19:00:10,2026-05-01 07:00:00,07:00/19:00,1.7983310152990264
R837_F_Cage_2,R837 (F) 2,F,R837,Treated,Night,19,2026-05-01 19:00:05,2026-05-02 07:00:00,07:00/19:00,3.1474269819193323
R837_F_Cage_2,R837 (F) 2,F,R837,Treated,Night,20,2026-05-02 19:00:05,2026-05-03 07:00:00,07:00/19:00,3.6258692628650904
R837_F_Cage_2,R837 (F) 2,F,R837,Treated,Night,21,2026-05-03 19:00:00,2026-05-04 07:00:01,07:00/19:00,3.977746870653686
R837_F_Cage_2,R837 (F) 2,F,R837,Treated,Night,22,2026-05-04 19:00:01,2026-05-05 07:00:00,07:00/19:00,3.5938803894297635
R837_F_Cage_2,R837 (F) 2,F,R837,Treated,Night,23,2026-05-05 19:01:05,2026-05-06 07:00:00,07:00/19:00,3.6782729805013927
R837_F_Cage_2,R837 (F) 2,F,R837,Treated,Night,24,2026-05-06 19:00:06,2026-05-07 07:00:01,07:00/19:00,6.036161335187761
R837_F_Cage_2,R837 (F) 2,F,R837,Treated,Night,25,2026-05-07 19:00:01,2026-05-08 07:00:17,07:00/19:00,4.02086230876217
R837_F_Cage_2,R837 (F) 2,F,R837,Treated,Night,26,2026-05-08 19:01:02,2026-05-09 07:00:00,07:00/19:00,5.335654596100278
R837_F_Cage_2,R837 (F) 2,F,R837,Treated,Night,27,2026-05-09 19:00:03,2026-05-10 07:00:00,07:00/19:00,4.027816411682893
R837_F_Cage_2,R837 (F) 2,F,R837,Treated,Night,28,2026-05-10 19:00:00,2026-05-11 07:00:00,07:00/19:00,4.447844228094576
R837_F_Cage_2,R837 (F) 2,F,R837,Treated,Night,29,2026-05-11 19:00:01,2026-05-12 07:00:00,07:00/19:00,2.3977746870653687
R837_F_Cage_2,R837 (F) 2,F,R837,Treated,Night,30,2026-05-12 19:00:03,2026-05-13 07:00:02,07:00/19:00,3.674547983310153
R837_F_Cage_2,R837 (F) 2,F,R837,Treated,Night,31,2026-05-13 19:00:04,2026-05-14 07:00:00,07:00/19:00,3.230876216968011
R837_F_Cage_2,R837 (F) 2,F,R837,Treated,Night,32,2026-05-14 19:00:18,2026-05-15 07:00:00,07:00/19:00,4.11682892906815
R837_F_Cage_2,R837 (F) 2,F,R837,Treated,Night,33,2026-05-15 19:00:09,2026-05-16 07:00:00,07:00/19:00,3.265646731571627
R837_F_Cage_2,R837 (F) 2,F,R837,Treated,Night,34,2026-05-16 19:00:00,2026-05-17 07:00:02,07:00/19:00,3.9763231197771587
RU521_F_Cage_1,RU521 (F) 1,F,RU521,Untreated,Night,1,2026-04-13 19:00:08,2026-04-14 07:00:01,07:00/19:00,4.054242002781641
RU521_F_Cage_1,RU521 (F) 1,F,RU521,Untreated,Night,2,2026-04-14 19:00:01,2026-04-15 07:00:05,07:00/19:00,5.576601671309192
RU521_F_Cage_1,RU521 (F) 1,F,RU521,Untreated,Night,3,2026-04-15 19:00:00,2026-04-16 07:00:00,07:00/19:00,6.207232267037552
RU521_F_Cage_1,RU521 (F) 1,F,RU521,Untreated,Night,4,2026-04-16 19:00:00,2026-04-17 07:00:00,07:00/19:00,4.9443671766342145
RU521_F_Cage_1,RU521 (F) 1,F,RU521,Untreated,Night,5,2026-04-17 19:00:09,2026-04-18 07:00:00,07:00/19:00,3.635605006954103
RU521_F_Cage_1,RU521 (F) 1,F,RU521,Untreated,Night,6,2026-04-18 19:00:03,2026-04-19 07:00:00,07:00/19:00,7.713490959666203
RU521_F_Cage_1,RU521 (F) 1,F,RU521,Untreated,Night,7,2026-04-19 19:00:20,2026-04-20 07:00:00,07:00/19:00,5.870653685674548
RU521_F_Cage_1,RU521 (F) 1,F,RU521,Untreated,Night,8,2026-04-20 19:00:00,2026-04-21 07:00:00,07:00/19:00,5.420027816411683
RU521_F_Cage_1,RU521 (F) 1,F,RU521,Untreated,Night,9,2026-04-21 19:00:03,2026-04-22 07:00:00,07:00/19:00,4.731571627260084
RU521_F_Cage_1,RU521 (F) 1,F,RU521,Untreated,Night,10,2026-04-22 19:00:00,2026-04-23 07:00:00,07:00/19:00,5.428372739916551
RU521_F_Cage_1,RU521 (F) 1,F,RU521,Untreated,Night,11,2026-04-23 19:00:07,2026-04-24 07:00:00,07:00/19:00,1.6995827538247565
RU521_F_Cage_1,RU521 (F) 1,F,RU521,Untreated,Night,12,2026-04-24 19:00:00,2026-04-25 07:00:00,07:00/19:00,1.0055632823365785
RU521_F_Cage_1,RU521 (F) 1,F,RU521,Untreated,Night,13,2026-04-25 19:00:00,2026-04-26 07:00:00,07:00/19:00,0.5013927576601671
RU521_F_Cage_1,RU521 (F) 1,F,RU521,Untreated,Night,14,2026-04-26 19:00:02,2026-04-27 07:00:00,07:00/19:00,0.4965229485396384
RU521_F_Cage_1,RU521 (F) 1,F,RU521,Treated,Night,15,2026-04-27 19:00:00,2026-04-28 07:00:00,07:00/19:00,4.872044506258693
RU521_F_Cage_1,RU521 (F) 1,F,RU521,Treated,Night,16,2026-04-28 19:00:00,2026-04-29 07:00:01,07:00/19:00,15.426981919332405
RU521_F_Cage_1,RU521 (F) 1,F,RU521,Treated,Night,17,2026-04-29 19:00:20,2026-04-30 07:00:04,07:00/19:00,13.554937413073713
RU521_F_Cage_1,RU521 (F) 1,F,RU521,Treated,Night,18,2026-04-30 19:00:10,2026-05-01 07:00:00,07:00/19:00,9.998609179415855
RU521_F_Cage_1,RU521 (F) 1,F,RU521,Treated,Night,19,2026-05-01 19:00:05,2026-05-02 07:00:00,07:00/19:00,15.104311543810848
RU521_F_Cage_1,RU521 (F) 1,F,RU521,Treated,Night,20,2026-05-02 19:00:05,2026-05-03 07:00:00,07:00/19:00,21.573018080667595
RU521_F_Cage_1,RU521 (F) 1,F,RU521,Treated,Night,21,2026-05-03 19:00:00,2026-05-04 07:00:01,07:00/19:00,3.219749652294854
RU521_F_Cage_1,RU521 (F) 1,F,RU521,Treated,Night,22,2026-05-04 19:00:01,2026-05-05 07:00:00,07:00/19:00,11.429763560500696
RU521_F_Cage_1,RU521 (F) 1,F,RU521,Treated,Night,23,2026-05-05 19:01:05,2026-05-06 07:00:00,07:00/19:00,14.402506963788301
RU521_F_Cage_1,RU521 (F) 1,F,RU521,Treated,Night,24,2026-05-06 19:00:06,2026-05-07 07:00:01,07:00/19:00,1.6383866481223923
RU521_F_Cage_1,RU521 (F) 1,F,RU521,Treated,Night,25,2026-05-07 19:00:01,2026-05-08 07:00:17,07:00/19:00,8.21279554937413
RU521_F_Cage_1,RU521 (F) 1,F,RU521,Treated,Night,26,2026-05-08 19:01:02,2026-05-09 07:00:00,07:00/19:00,13.185236768802229
RU521_F_Cage_1,RU521 (F) 1,F,RU521,Treated,Night,27,2026-05-09 19:00:03,2026-05-10 07:00:00,07:00/19:00,10.613351877607789
RU521_F_Cage_1,RU521 (F) 1,F,RU521,Treated,Night,28,2026-05-10 19:00:00,2026-05-11 07:00:00,07:00/19:00,9.877607788595272
RU521_F_Cage_1,RU521 (F) 1,F,RU521,Treated,Night,29,2026-05-11 19:00:01,2026-05-12 07:00:00,07:00/19:00,13.531293463143255
RU521_F_Cage_1,RU521 (F) 1,F,RU521,Treated,Night,30,2026-05-12 19:00:03,2026-05-13 07:00:02,07:00/19:00,12.372739916550765
RU521_F_Cage_1,RU521 (F) 1,F,RU521,Treated,Night,31,2026-05-13 19:00:04,2026-05-14 07:00:00,07:00/19:00,2.477051460361613
RU521_F_Cage_1,RU521 (F) 1,F,RU521,Treated,Night,32,2026-05-14 19:00:18,2026-05-15 07:00:00,07:00/19:00,11.222531293463144
RU521_F_Cage_1,RU521 (F) 1,F,RU521,Treated,Night,33,2026-05-15 19:00:09,2026-05-16 07:00:00,07:00/19:00,1.6453407510431155
RU521_F_Cage_1,RU521 (F) 1,F,RU521,Treated,Night,34,2026-05-16 19:00:00,2026-05-17 07:00:02,07:00/19:00,9.133704735376044
RU521_F_Cage_2,RU521 (F) 2,F,RU521,Untreated,Night,1,2026-04-13 18:00:00,2026-04-14 06:00:00,06:00/18:00,13.1016713091922
RU521_F_Cage_2,RU521 (F) 2,F,RU521,Untreated,Night,2,2026-04-14 18:00:03,2026-04-15 06:00:00,06:00/18:00,23.988857938718663
RU521_F_Cage_2,RU521 (F) 2,F,RU521,Untreated,Night,3,2026-04-15 18:00:03,2026-04-16 06:00:01,06:00/18:00,22.689847009735743
RU521_F_Cage_2,RU521 (F) 2,F,RU521,Untreated,Night,4,2026-04-16 18:00:03,2026-04-17 06:01:01,06:00/18:00,10.577777777777778
RU521_F_Cage_2,RU521 (F) 2,F,RU521,Untreated,Night,5,2026-04-17 18:00:00,2026-04-18 06:00:01,06:00/18:00,7.937413073713491
RU521_F_Cage_2,RU521 (F) 2,F,RU521,Untreated,Night,6,2026-04-18 18:00:01,2026-04-19 06:00:02,06:00/18:00,17.42837273991655
RU521_F_Cage_2,RU521 (F) 2,F,RU521,Untreated,Night,7,2026-04-19 18:00:04,2026-04-20 06:00:01,06:00/18:00,18.621696801112655
RU521_F_Cage_2,RU521 (F) 2,F,RU521,Untreated,Night,8,2026-04-20 18:00:04,2026-04-21 06:01:00,06:00/18:00,19.094444444444445
RU521_F_Cage_2,RU521 (F) 2,F,RU521,Untreated,Night,9,2026-04-21 18:00:07,2026-04-22 06:00:00,06:00/18:00,17.557719054242003
RU521_F_Cage_2,RU521 (F) 2,F,RU521,Untreated,Night,10,2026-04-22 18:00:00,2026-04-23 06:00:01,06:00/18:00,16.536856745479835
RU521_F_Cage_2,RU521 (F) 2,F,RU521,Untreated,Night,11,2026-04-23 18:00:00,2026-04-24 06:00:01,06:00/18:00,12.51182197496523
RU521_F_Cage_2,RU521 (F) 2,F,RU521,Untreated,Night,12,2026-04-24 18:00:03,2026-04-25 06:00:00,06:00/18:00,14.616133518776078
RU521_F_Cage_2,RU521 (F) 2,F,RU521,Untreated,Night,13,2026-04-25 18:00:21,2026-04-26 06:00:01,06:00/18:00,14.892757660167131
RU521_F_Cage_2,RU521 (F) 2,F,RU521,Untreated,Night,14,2026-04-26 18:00:00,2026-04-27 06:00:02,06:00/18:00,12.770194986072424
RU521_F_Cage_2,RU521 (F) 2,F,RU521,Treated,Night,16,2026-04-28 18:00:04,2026-04-29 06:00:02,06:00/18:00,10.263598326359833
RU521_F_Cage_2,RU521 (F) 2,F,RU521,Treated,Night,17,2026-04-29 18:00:01,2026-04-30 06:00:01,06:00/18:00,9.132127955493742
RU521_F_Cage_2,RU521 (F) 2,F,RU521,Treated,Night,18,2026-04-30 18:00:01,2026-05-01 06:00:06,06:00/18:00,13.827057182705719
RU521_F_Cage_2,RU521 (F) 2,F,RU521,Treated,Night,19,2026-05-01 18:00:01,2026-05-02 06:01:00,06:00/18:00,20.744769874476987
RU521_F_Cage_2,RU521 (F) 2,F,RU521,Treated,Night,20,2026-05-02 17:59:54,2026-05-03 06:00:00,06:00/18:00,18.30598052851182
RU521_F_Cage_2,RU521 (F) 2,F,RU521,Treated,Night,21,2026-05-03 18:00:08,2026-05-04 06:00:00,06:00/18:00,12.292072322670375
RU521_F_Cage_2,RU521 (F) 2,F,RU521,Treated,Night,22,2026-05-04 18:00:18,2026-05-05 06:00:00,06:00/18:00,9.282336578581363
RU521_F_Cage_2,RU521 (F) 2,F,RU521,Treated,Night,23,2026-05-05 18:00:02,2026-05-06 06:00:01,06:00/18:00,9.13649025069638
RU521_F_Cage_2,RU521 (F) 2,F,RU521,Treated,Night,24,2026-05-06 18:00:05,2026-05-07 06:00:00,06:00/18:00,9.959666203059806
RU521_F_Cage_2,RU521 (F) 2,F,RU521,Treated,Night,25,2026-05-07 18:00:01,2026-05-08 06:00:00,06:00/18:00,8.267037552155772
RU521_F_Cage_2,RU521 (F) 2,F,RU521,Treated,Night,26,2026-05-08 18:00:05,2026-05-09 06:00:00,06:00/18:00,12.435754189944134
RU521_F_Cage_2,RU521 (F) 2,F,RU521,Treated,Night,27,2026-05-09 18:00:03,2026-05-10 06:00:00,06:00/18:00,15.189151599443672
RU521_F_Cage_2,RU521 (F) 2,F,RU521,Treated,Night,28,2026-05-10 18:00:00,2026-05-11 06:00:01,06:00/18:00,13.531380753138075
RU521_F_Cage_2,RU521 (F) 2,F,RU521,Treated,Night,29,2026-05-11 18:00:00,2026-05-12 06:00:00,06:00/18:00,12.335195530726256
RU521_F_Cage_2,RU521 (F) 2,F,RU521,Treated,Night,30,2026-05-12 18:00:01,2026-05-13 06:00:00,06:00/18:00,15.577190542420027
RU521_F_Cage_2,RU521 (F) 2,F,RU521,Treated,Night,31,2026-05-13 17:59:54,2026-05-14 06:00:01,06:00/18:00,14.465277777777779
RU521_F_Cage_2,RU521 (F) 2,F,RU521,Treated,Night,32,2026-05-14 18:00:00,2026-05-15 06:00:01,06:00/18:00,9.862552594670406
RU521_F_Cage_2,RU521 (F) 2,F,RU521,Treated,Night,33,2026-05-15 18:00:19,2026-05-16 06:00:00,06:00/18:00,9.565459610027855
RU521_F_Cage_2,RU521 (F) 2,F,RU521,Treated,Night,34,2026-05-16 18:00:42,2026-05-17 06:00:00,06:00/18:00,2.1352859135285915
MIX_M_Cage_1,MIX (M) 1,M,MIX,Untreated,Day,1,2026-04-14 07:00:01,2026-04-14 19:00:01,07:00/19:00,4.2005571030640665
MIX_M_Cage_1,MIX (M) 1,M,MIX,Untreated,Day,2,2026-04-15 07:00:05,2026-04-15 19:00:00,07:00/19:00,5.709269662921348
MIX_M_Cage_1,MIX (M) 1,M,MIX,Untreated,Day,3,2026-04-16 07:00:00,2026-04-16 19:00:00,07:00/19:00,5.528490028490029
MIX_M_Cage_1,MIX (M) 1,M,MIX,Untreated,Day,4,2026-04-17 07:00:00,2026-04-17 19:00:09,07:00/19:00,3.689170182841069
MIX_M_Cage_1,MIX (M) 1,M,MIX,Untreated,Day,5,2026-04-18 07:00:00,2026-04-18 19:00:03,07:00/19:00,4.6797202797202795
MIX_M_Cage_1,MIX (M) 1,M,MIX,Untreated,Day,6,2026-04-19 07:00:00,2026-04-19 19:00:20,07:00/19:00,4.581737849779087
MIX_M_Cage_1,MIX (M) 1,M,MIX,Untreated,Day,7,2026-04-20 07:00:00,2026-04-20 19:00:00,07:00/19:00,4.427525622254758
MIX_M_Cage_1,MIX (M) 1,M,MIX,Untreated,Day,8,2026-04-21 07:00:00,2026-04-21 19:00:03,07:00/19:00,4.395714285714286
MIX_M_Cage_1,MIX (M) 1,M,MIX,Untreated,Day,9,2026-04-22 07:00:00,2026-04-22 19:00:00,07:00/19:00,5.967832167832168
MIX_M_Cage_1,MIX (M) 1,M,MIX,Untreated,Day,10,2026-04-23 07:00:00,2026-04-23 19:00:07,07:00/19:00,5.880341880341881
MIX_M_Cage_1,MIX (M) 1,M,MIX,Untreated,Day,11,2026-04-24 07:00:00,2026-04-24 19:00:00,07:00/19:00,5.725968436154949
MIX_M_Cage_1,MIX (M) 1,M,MIX,Untreated,Day,12,2026-04-25 07:00:00,2026-04-25 19:00:00,07:00/19:00,6.394285714285714
MIX_M_Cage_1,MIX (M) 1,M,MIX,Untreated,Day,13,2026-04-26 07:00:00,2026-04-26 19:00:02,07:00/19:00,4.5331452750352605
MIX_M_Cage_1,MIX (M) 1,M,MIX,Treated,Day,15,2026-04-28 07:00:00,2026-04-28 19:00:00,07:00/19:00,2.3772189349112427
MIX_M_Cage_1,MIX (M) 1,M,MIX,Treated,Day,16,2026-04-29 07:00:01,2026-04-29 19:00:20,07:00/19:00,2.5294117647058822
MIX_M_Cage_1,MIX (M) 1,M,MIX,Treated,Day,17,2026-04-30 07:00:04,2026-04-30 19:00:10,07:00/19:00,2.740029542097489
MIX_M_Cage_1,MIX (M) 1,M,MIX,Treated,Day,18,2026-05-01 07:00:00,2026-05-01 19:00:05,07:00/19:00,4.317577548005908
MIX_M_Cage_1,MIX (M) 1,M,MIX,Treated,Day,19,2026-05-02 07:00:00,2026-05-02 19:00:05,07:00/19:00,3.6512968299711814
MIX_M_Cage_1,MIX (M) 1,M,MIX,Treated,Day,20,2026-05-03 07:00:00,2026-05-03 19:00:00,07:00/19:00,2.3208955223880596
MIX_M_Cage_1,MIX (M) 1,M,MIX,Treated,Day,21,2026-05-04 07:00:01,2026-05-04 19:00:01,07:00/19:00,1.7343283582089553
MIX_M_Cage_1,MIX (M) 1,M,MIX,Treated,Day,22,2026-05-05 07:00:00,2026-05-05 19:01:05,07:00/19:00,2.7674772036474162
MIX_M_Cage_1,MIX (M) 1,M,MIX,Treated,Day,23,2026-05-06 07:00:00,2026-05-06 19:00:06,07:00/19:00,2.5466101694915255
MIX_M_Cage_1,MIX (M) 1,M,MIX,Treated,Day,24,2026-05-07 07:00:01,2026-05-07 19:00:01,07:00/19:00,1.5788643533123028
MIX_M_Cage_1,MIX (M) 1,M,MIX,Treated,Day,25,2026-05-08 07:00:17,2026-05-08 19:01:02,07:00/19:00,1.5562130177514792
MIX_M_Cage_1,MIX (M) 1,M,MIX,Treated,Day,26,2026-05-09 07:00:00,2026-05-09 19:00:03,07:00/19:00,2.5244252873563218
MIX_M_Cage_1,MIX (M) 1,M,MIX,Treated,Day,27,2026-05-10 07:00:00,2026-05-10 19:00:00,07:00/19:00,2.0059435364041605
MIX_M_Cage_1,MIX (M) 1,M,MIX,Treated,Day,28,2026-05-11 07:00:00,2026-05-11 19:00:01,07:00/19:00,1.3601756954612005
MIX_M_Cage_1,MIX (M) 1,M,MIX,Treated,Day,29,2026-05-12 07:00:00,2026-05-12 19:00:03,07:00/19:00,1.3288690476190477
MIX_M_Cage_1,MIX (M) 1,M,MIX,Treated,Day,30,2026-05-13 07:00:02,2026-05-13 19:00:04,07:00/19:00,1.20327868852459
MIX_M_Cage_1,MIX (M) 1,M,MIX,Treated,Day,31,2026-05-14 07:00:00,2026-05-14 19:00:18,07:00/19:00,0.9672897196261683
MIX_M_Cage_1,MIX (M) 1,M,MIX,Treated,Day,32,2026-05-15 07:00:00,2026-05-15 19:00:09,07:00/19:00,1.8803149606299212
MIX_M_Cage_1,MIX (M) 1,M,MIX,Treated,Day,33,2026-05-16 07:00:00,2026-05-16 19:00:00,07:00/19:00,0.43086816720257237
MIX_M_Cage_2,MIX (M) 2,M,MIX,Untreated,Day,1,2026-04-14 07:00:01,2026-04-14 19:00:01,07:00/19:00,4.4484679665738165
MIX_M_Cage_2,MIX (M) 2,M,MIX,Untreated,Day,2,2026-04-15 07:00:05,2026-04-15 19:00:00,07:00/19:00,2.6025280898876404
MIX_M_Cage_2,MIX (M) 2,M,MIX,Untreated,Day,3,2026-04-16 07:00:00,2026-04-16 19:00:00,07:00/19:00,3.646723646723647
MIX_M_Cage_2,MIX (M) 2,M,MIX,Untreated,Day,4,2026-04-17 07:00:00,2026-04-17 19:00:09,07:00/19:00,0.8579465541490858
MIX_M_Cage_2,MIX (M) 2,M,MIX,Untreated,Day,5,2026-04-18 07:00:00,2026-04-18 19:00:03,07:00/19:00,0.17062937062937064
MIX_M_Cage_2,MIX (M) 2,M,MIX,Untreated,Day,6,2026-04-19 07:00:00,2026-04-19 19:00:20,07:00/19:00,1.5743740795287187
MIX_M_Cage_2,MIX (M) 2,M,MIX,Untreated,Day,7,2026-04-20 07:00:00,2026-04-20 19:00:00,07:00/19:00,1.8433382137628112
MIX_M_Cage_2,MIX (M) 2,M,MIX,Untreated,Day,8,2026-04-21 07:00:00,2026-04-21 19:00:03,07:00/19:00,1.6885714285714286
MIX_M_Cage_2,MIX (M) 2,M,MIX,Untreated,Day,9,2026-04-22 07:00:00,2026-04-22 19:00:00,07:00/19:00,1.2629370629370629
MIX_M_Cage_2,MIX (M) 2,M,MIX,Untreated,Day,10,2026-04-23 07:00:00,2026-04-23 19:00:07,07:00/19:00,2.074074074074074
MIX_M_Cage_2,MIX (M) 2,M,MIX,Untreated,Day,11,2026-04-24 07:00:00,2026-04-24 19:00:00,07:00/19:00,2.3730272596843616
MIX_M_Cage_2,MIX (M) 2,M,MIX,Untreated,Day,12,2026-04-25 07:00:00,2026-04-25 19:00:00,07:00/19:00,2.0228571428571427
MIX_M_Cage_2,MIX (M) 2,M,MIX,Untreated,Day,13,2026-04-26 07:00:00,2026-04-26 19:00:02,07:00/19:00,1.9097320169252467
MIX_M_Cage_2,MIX (M) 2,M,MIX,Treated,Day,15,2026-04-28 07:00:00,2026-04-28 19:00:00,07:00/19:00,1.3653846153846154
MIX_M_Cage_2,MIX (M) 2,M,MIX,Treated,Day,16,2026-04-29 07:00:01,2026-04-29 19:00:20,07:00/19:00,1.2102941176470587
MIX_M_Cage_2,MIX (M) 2,M,MIX,Treated,Day,17,2026-04-30 07:00:04,2026-04-30 19:00:10,07:00/19:00,0.794682422451994
MIX_M_Cage_2,MIX (M) 2,M,MIX,Treated,Day,18,2026-05-01 07:00:00,2026-05-01 19:00:05,07:00/19:00,0.6307237813884786
MIX_M_Cage_2,MIX (M) 2,M,MIX,Treated,Day,19,2026-05-02 07:00:00,2026-05-02 19:00:05,07:00/19:00,0.43948126801152737
MIX_M_Cage_2,MIX (M) 2,M,MIX,Treated,Day,20,2026-05-03 07:00:00,2026-05-03 19:00:00,07:00/19:00,0.4880597014925373
MIX_M_Cage_2,MIX (M) 2,M,MIX,Treated,Day,21,2026-05-04 07:00:01,2026-05-04 19:00:01,07:00/19:00,0.7089552238805971
MIX_M_Cage_2,MIX (M) 2,M,MIX,Treated,Day,22,2026-05-05 07:00:00,2026-05-05 19:01:05,07:00/19:00,0.9908814589665653
MIX_M_Cage_2,MIX (M) 2,M,MIX,Treated,Day,23,2026-05-06 07:00:00,2026-05-06 19:00:06,07:00/19:00,3.463276836158192
MIX_M_Cage_2,MIX (M) 2,M,MIX,Treated,Day,24,2026-05-07 07:00:01,2026-05-07 19:00:01,07:00/19:00,0.30441640378548895
MIX_M_Cage_2,MIX (M) 2,M,MIX,Treated,Day,25,2026-05-08 07:00:17,2026-05-08 19:01:02,07:00/19:00,0.07100591715976332
MIX_M_Cage_2,MIX (M) 2,M,MIX,Treated,Day,26,2026-05-09 07:00:00,2026-05-09 19:00:03,07:00/19:00,0.09339080459770115
MIX_M_Cage_2,MIX (M) 2,M,MIX,Treated,Day,27,2026-05-10 07:00:00,2026-05-10 19:00:00,07:00/19:00,0.6656760772659732
MIX_M_Cage_2,MIX (M) 2,M,MIX,Treated,Day,28,2026-05-11 07:00:00,2026-05-11 19:00:01,07:00/19:00,0.5651537335285505
MIX_M_Cage_2,MIX (M) 2,M,MIX,Treated,Day,29,2026-05-12 07:00:00,2026-05-12 19:00:03,07:00/19:00,0.6785714285714286
MIX_M_Cage_2,MIX (M) 2,M,MIX,Treated,Day,30,2026-05-13 07:00:02,2026-05-13 19:00:04,07:00/19:00,0.5672131147540984
MIX_M_Cage_2,MIX (M) 2,M,MIX,Treated,Day,31,2026-05-14 07:00:00,2026-05-14 19:00:18,07:00/19:00,0.3177570093457944
MIX_M_Cage_2,MIX (M) 2,M,MIX,Treated,Day,32,2026-05-15 07:00:00,2026-05-15 19:00:09,07:00/19:00,0.37480314960629924
MIX_M_Cage_2,MIX (M) 2,M,MIX,Treated,Day,33,2026-05-16 07:00:00,2026-05-16 19:00:00,07:00/19:00,0.2347266881028939
R837_M_Cage_1,R837 (M) 1,M,R837,Untreated,Day,1,2026-04-14 07:00:01,2026-04-14 19:00:01,07:00/19:00,4.579387186629527
R837_M_Cage_1,R837 (M) 1,M,R837,Untreated,Day,2,2026-04-15 07:00:05,2026-04-15 19:00:00,07:00/19:00,5.860955056179775
R837_M_Cage_1,R837 (M) 1,M,R837,Untreated,Day,3,2026-04-16 07:00:00,2026-04-16 19:00:00,07:00/19:00,4.698005698005698
R837_M_Cage_1,R837 (M) 1,M,R837,Untreated,Day,4,2026-04-17 07:00:00,2026-04-17 19:00:09,07:00/19:00,4.421940928270042
R837_M_Cage_1,R837 (M) 1,M,R837,Untreated,Day,5,2026-04-18 07:00:00,2026-04-18 19:00:03,07:00/19:00,4.560839160839161
R837_M_Cage_1,R837 (M) 1,M,R837,Untreated,Day,6,2026-04-19 07:00:00,2026-04-19 19:00:20,07:00/19:00,4.938144329896907
R837_M_Cage_1,R837 (M) 1,M,R837,Untreated,Day,7,2026-04-20 07:00:00,2026-04-20 19:00:00,07:00/19:00,4.191800878477306
R837_M_Cage_1,R837 (M) 1,M,R837,Untreated,Day,8,2026-04-21 07:00:00,2026-04-21 19:00:03,07:00/19:00,4.02
R837_M_Cage_1,R837 (M) 1,M,R837,Untreated,Day,9,2026-04-22 07:00:00,2026-04-22 19:00:00,07:00/19:00,2.2699300699300697
R837_M_Cage_1,R837 (M) 1,M,R837,Untreated,Day,10,2026-04-23 07:00:00,2026-04-23 19:00:07,07:00/19:00,3.1296296296296298
R837_M_Cage_1,R837 (M) 1,M,R837,Untreated,Day,11,2026-04-24 07:00:00,2026-04-24 19:00:00,07:00/19:00,1.2352941176470589
R837_M_Cage_1,R837 (M) 1,M,R837,Untreated,Day,12,2026-04-25 07:00:00,2026-04-25 19:00:00,07:00/19:00,1.92
R837_M_Cage_1,R837 (M) 1,M,R837,Untreated,Day,13,2026-04-26 07:00:00,2026-04-26 19:00:02,07:00/19:00,1.320169252468265
R837_M_Cage_1,R837 (M) 1,M,R837,Treated,Day,15,2026-04-28 07:00:00,2026-04-28 19:00:00,07:00/19:00,5.513313609467455
R837_M_Cage_1,R837 (M) 1,M,R837,Treated,Day,16,2026-04-29 07:00:01,2026-04-29 19:00:20,07:00/19:00,2.9205882352941175
R837_M_Cage_1,R837 (M) 1,M,R837,Treated,Day,17,2026-04-30 07:00:04,2026-04-30 19:00:10,07:00/19:00,2.5893648449039883
R837_M_Cage_1,R837 (M) 1,M,R837,Treated,Day,18,2026-05-01 07:00:00,2026-05-01 19:00:05,07:00/19:00,2.604135893648449
R837_M_Cage_1,R837 (M) 1,M,R837,Treated,Day,19,2026-05-02 07:00:00,2026-05-02 19:00:05,07:00/19:00,3.0129682997118157
R837_M_Cage_1,R837 (M) 1,M,R837,Treated,Day,20,2026-05-03 07:00:00,2026-05-03 19:00:00,07:00/19:00,3.488059701492537
R837_M_Cage_1,R837 (M) 1,M,R837,Treated,Day,21,2026-05-04 07:00:01,2026-05-04 19:00:01,07:00/19:00,2.117910447761194
R837_M_Cage_1,R837 (M) 1,M,R837,Treated,Day,22,2026-05-05 07:00:00,2026-05-05 19:01:05,07:00/19:00,2.3328267477203646
R837_M_Cage_1,R837 (M) 1,M,R837,Treated,Day,23,2026-05-06 07:00:00,2026-05-06 19:00:06,07:00/19:00,3.2005649717514126
R837_M_Cage_1,R837 (M) 1,M,R837,Treated,Day,24,2026-05-07 07:00:01,2026-05-07 19:00:01,07:00/19:00,2.694006309148265
R837_M_Cage_1,R837 (M) 1,M,R837,Treated,Day,25,2026-05-08 07:00:17,2026-05-08 19:01:02,07:00/19:00,2.173076923076923
R837_M_Cage_1,R837 (M) 1,M,R837,Treated,Day,26,2026-05-09 07:00:00,2026-05-09 19:00:03,07:00/19:00,1.7729885057471264
R837_M_Cage_1,R837 (M) 1,M,R837,Treated,Day,27,2026-05-10 07:00:00,2026-05-10 19:00:00,07:00/19:00,2.649331352154532
R837_M_Cage_1,R837 (M) 1,M,R837,Treated,Day,28,2026-05-11 07:00:00,2026-05-11 19:00:01,07:00/19:00,1.7218155197657394
R837_M_Cage_1,R837 (M) 1,M,R837,Treated,Day,29,2026-05-12 07:00:00,2026-05-12 19:00:03,07:00/19:00,1.8839285714285714
R837_M_Cage_1,R837 (M) 1,M,R837,Treated,Day,30,2026-05-13 07:00:02,2026-05-13 19:00:04,07:00/19:00,2.078688524590164
R837_M_Cage_1,R837 (M) 1,M,R837,Treated,Day,31,2026-05-14 07:00:00,2026-05-14 19:00:18,07:00/19:00,2.808411214953271
R837_M_Cage_1,R837 (M) 1,M,R837,Treated,Day,32,2026-05-15 07:00:00,2026-05-15 19:00:09,07:00/19:00,2.335433070866142
R837_M_Cage_1,R837 (M) 1,M,R837,Treated,Day,33,2026-05-16 07:00:00,2026-05-16 19:00:00,07:00/19:00,1.5691318327974277
R837_M_Cage_2,R837 (M) 2,M,R837,Untreated,Day,1,2026-04-14 07:00:01,2026-04-14 19:00:01,07:00/19:00,1.5487465181058495
R837_M_Cage_2,R837 (M) 2,M,R837,Untreated,Day,2,2026-04-15 07:00:05,2026-04-15 19:00:00,07:00/19:00,2.3469101123595504
R837_M_Cage_2,R837 (M) 2,M,R837,Untreated,Day,3,2026-04-16 07:00:00,2026-04-16 19:00:00,07:00/19:00,2.799145299145299
R837_M_Cage_2,R837 (M) 2,M,R837,Untreated,Day,4,2026-04-17 07:00:00,2026-04-17 19:00:09,07:00/19:00,1.9142053445850915
R837_M_Cage_2,R837 (M) 2,M,R837,Untreated,Day,5,2026-04-18 07:00:00,2026-04-18 19:00:03,07:00/19:00,3.2195804195804194
R837_M_Cage_2,R837 (M) 2,M,R837,Untreated,Day,6,2026-04-19 07:00:00,2026-04-19 19:00:20,07:00/19:00,2.9410898379970547
R837_M_Cage_2,R837 (M) 2,M,R837,Untreated,Day,7,2026-04-20 07:00:00,2026-04-20 19:00:00,07:00/19:00,3.733528550512445
R837_M_Cage_2,R837 (M) 2,M,R837,Untreated,Day,8,2026-04-21 07:00:00,2026-04-21 19:00:03,07:00/19:00,3.1885714285714286
R837_M_Cage_2,R837 (M) 2,M,R837,Untreated,Day,9,2026-04-22 07:00:00,2026-04-22 19:00:00,07:00/19:00,3.1020979020979023
R837_M_Cage_2,R837 (M) 2,M,R837,Untreated,Day,10,2026-04-23 07:00:00,2026-04-23 19:00:07,07:00/19:00,2.4316239316239314
R837_M_Cage_2,R837 (M) 2,M,R837,Untreated,Day,11,2026-04-24 07:00:00,2026-04-24 19:00:00,07:00/19:00,2.5839311334289814
R837_M_Cage_2,R837 (M) 2,M,R837,Untreated,Day,12,2026-04-25 07:00:00,2026-04-25 19:00:00,07:00/19:00,1.7614285714285713
R837_M_Cage_2,R837 (M) 2,M,R837,Untreated,Day,13,2026-04-26 07:00:00,2026-04-26 19:00:02,07:00/19:00,3.6600846262341324
R837_M_Cage_2,R837 (M) 2,M,R837,Treated,Day,15,2026-04-28 07:00:00,2026-04-28 19:00:00,07:00/19:00,1.9955621301775148
R837_M_Cage_2,R837 (M) 2,M,R837,Treated,Day,16,2026-04-29 07:00:01,2026-04-29 19:00:20,07:00/19:00,1.8735294117647059
R837_M_Cage_2,R837 (M) 2,M,R837,Treated,Day,17,2026-04-30 07:00:04,2026-04-30 19:00:10,07:00/19:00,2.500738552437223
R837_M_Cage_2,R837 (M) 2,M,R837,Treated,Day,18,2026-05-01 07:00:00,2026-05-01 19:00:05,07:00/19:00,1.1491875923190547
R837_M_Cage_2,R837 (M) 2,M,R837,Treated,Day,19,2026-05-02 07:00:00,2026-05-02 19:00:05,07:00/19:00,1.1512968299711817
R837_M_Cage_2,R837 (M) 2,M,R837,Treated,Day,20,2026-05-03 07:00:00,2026-05-03 19:00:00,07:00/19:00,0.9119402985074627
R837_M_Cage_2,R837 (M) 2,M,R837,Treated,Day,21,2026-05-04 07:00:01,2026-05-04 19:00:01,07:00/19:00,5.786567164179105
R837_M_Cage_2,R837 (M) 2,M,R837,Treated,Day,22,2026-05-05 07:00:00,2026-05-05 19:01:05,07:00/19:00,1.2462006079027355
R837_M_Cage_2,R837 (M) 2,M,R837,Treated,Day,23,2026-05-06 07:00:00,2026-05-06 19:00:06,07:00/19:00,1.75
R837_M_Cage_2,R837 (M) 2,M,R837,Treated,Day,24,2026-05-07 07:00:01,2026-05-07 19:00:01,07:00/19:00,1.8201892744479495
R837_M_Cage_2,R837 (M) 2,M,R837,Treated,Day,25,2026-05-08 07:00:17,2026-05-08 19:01:02,07:00/19:00,1.6967455621301775
R837_M_Cage_2,R837 (M) 2,M,R837,Treated,Day,26,2026-05-09 07:00:00,2026-05-09 19:00:03,07:00/19:00,1.3304597701149425
R837_M_Cage_2,R837 (M) 2,M,R837,Treated,Day,27,2026-05-10 07:00:00,2026-05-10 19:00:00,07:00/19:00,1.824665676077266
R837_M_Cage_2,R837 (M) 2,M,R837,Treated,Day,28,2026-05-11 07:00:00,2026-05-11 19:00:01,07:00/19:00,2.013177159590044
R837_M_Cage_2,R837 (M) 2,M,R837,Treated,Day,29,2026-05-12 07:00:00,2026-05-12 19:00:03,07:00/19:00,0.8541666666666666
R837_M_Cage_2,R837 (M) 2,M,R837,Treated,Day,30,2026-05-13 07:00:02,2026-05-13 19:00:04,07:00/19:00,1.4704918032786884
R837_M_Cage_2,R837 (M) 2,M,R837,Treated,Day,31,2026-05-14 07:00:00,2026-05-14 19:00:18,07:00/19:00,0.8707165109034268
R837_M_Cage_2,R837 (M) 2,M,R837,Treated,Day,32,2026-05-15 07:00:00,2026-05-15 19:00:09,07:00/19:00,2.296062992125984
R837_M_Cage_2,R837 (M) 2,M,R837,Treated,Day,33,2026-05-16 07:00:00,2026-05-16 19:00:00,07:00/19:00,0.8536977491961415
RU521_M_Cage_1,RU521 (M) 1,M,RU521,Untreated,Day,1,2026-04-14 07:00:01,2026-04-14 19:00:01,07:00/19:00,6.8774373259052926
RU521_M_Cage_1,RU521 (M) 1,M,RU521,Untreated,Day,2,2026-04-15 07:00:05,2026-04-15 19:00:00,07:00/19:00,2.9353932584269664
RU521_M_Cage_1,RU521 (M) 1,M,RU521,Untreated,Day,3,2026-04-16 07:00:00,2026-04-16 19:00:00,07:00/19:00,4.015669515669516
RU521_M_Cage_1,RU521 (M) 1,M,RU521,Untreated,Day,4,2026-04-17 07:00:00,2026-04-17 19:00:09,07:00/19:00,5.6455696202531644
RU521_M_Cage_1,RU521 (M) 1,M,RU521,Untreated,Day,5,2026-04-18 07:00:00,2026-04-18 19:00:03,07:00/19:00,3.804195804195804
RU521_M_Cage_1,RU521 (M) 1,M,RU521,Untreated,Day,6,2026-04-19 07:00:00,2026-04-19 19:00:20,07:00/19:00,3.988217967599411
RU521_M_Cage_1,RU521 (M) 1,M,RU521,Untreated,Day,7,2026-04-20 07:00:00,2026-04-20 19:00:00,07:00/19:00,4.33674963396779
RU521_M_Cage_1,RU521 (M) 1,M,RU521,Untreated,Day,8,2026-04-21 07:00:00,2026-04-21 19:00:03,07:00/19:00,3.394285714285714
RU521_M_Cage_1,RU521 (M) 1,M,RU521,Untreated,Day,9,2026-04-22 07:00:00,2026-04-22 19:00:00,07:00/19:00,1.1594405594405595
RU521_M_Cage_1,RU521 (M) 1,M,RU521,Untreated,Day,10,2026-04-23 07:00:00,2026-04-23 19:00:07,07:00/19:00,0.4301994301994302
RU521_M_Cage_1,RU521 (M) 1,M,RU521,Untreated,Day,11,2026-04-24 07:00:00,2026-04-24 19:00:00,07:00/19:00,0.035868005738880916
RU521_M_Cage_1,RU521 (M) 1,M,RU521,Untreated,Day,12,2026-04-25 07:00:00,2026-04-25 19:00:00,07:00/19:00,0.0014285714285714286
RU521_M_Cage_1,RU521 (M) 1,M,RU521,Untreated,Day,13,2026-04-26 07:00:00,2026-04-26 19:00:02,07:00/19:00,4.8406205923836385
RU521_M_Cage_1,RU521 (M) 1,M,RU521,Treated,Day,15,2026-04-28 07:00:00,2026-04-28 19:00:00,07:00/19:00,2.1272189349112427
RU521_M_Cage_1,RU521 (M) 1,M,RU521,Treated,Day,16,2026-04-29 07:00:01,2026-04-29 19:00:20,07:00/19:00,3.597058823529412
RU521_M_Cage_1,RU521 (M) 1,M,RU521,Treated,Day,17,2026-04-30 07:00:04,2026-04-30 19:00:10,07:00/19:00,2.069423929098966
RU521_M_Cage_1,RU521 (M) 1,M,RU521,Treated,Day,18,2026-05-01 07:00:00,2026-05-01 19:00:05,07:00/19:00,4.25258493353028
RU521_M_Cage_1,RU521 (M) 1,M,RU521,Treated,Day,19,2026-05-02 07:00:00,2026-05-02 19:00:05,07:00/19:00,2.3342939481268012
RU521_M_Cage_1,RU521 (M) 1,M,RU521,Treated,Day,20,2026-05-03 07:00:00,2026-05-03 19:00:00,07:00/19:00,3.291044776119403
RU521_M_Cage_1,RU521 (M) 1,M,RU521,Treated,Day,21,2026-05-04 07:00:01,2026-05-04 19:00:01,07:00/19:00,1.8656716417910448
RU521_M_Cage_1,RU521 (M) 1,M,RU521,Treated,Day,22,2026-05-05 07:00:00,2026-05-05 19:01:05,07:00/19:00,1.6884498480243162
RU521_M_Cage_1,RU521 (M) 1,M,RU521,Treated,Day,23,2026-05-06 07:00:00,2026-05-06 19:00:06,07:00/19:00,3.2584745762711864
RU521_M_Cage_1,RU521 (M) 1,M,RU521,Treated,Day,24,2026-05-07 07:00:01,2026-05-07 19:00:01,07:00/19:00,3.2492113564668768
RU521_M_Cage_1,RU521 (M) 1,M,RU521,Treated,Day,25,2026-05-08 07:00:17,2026-05-08 19:01:02,07:00/19:00,3.2544378698224854
RU521_M_Cage_1,RU521 (M) 1,M,RU521,Treated,Day,26,2026-05-09 07:00:00,2026-05-09 19:00:03,07:00/19:00,4.396551724137931
RU521_M_Cage_1,RU521 (M) 1,M,RU521,Treated,Day,27,2026-05-10 07:00:00,2026-05-10 19:00:00,07:00/19:00,4.4546805349182765
RU521_M_Cage_1,RU521 (M) 1,M,RU521,Treated,Day,28,2026-05-11 07:00:00,2026-05-11 19:00:01,07:00/19:00,1.7042459736456808
RU521_M_Cage_1,RU521 (M) 1,M,RU521,Treated,Day,29,2026-05-12 07:00:00,2026-05-12 19:00:03,07:00/19:00,1.8779761904761905
RU521_M_Cage_1,RU521 (M) 1,M,RU521,Treated,Day,30,2026-05-13 07:00:02,2026-05-13 19:00:04,07:00/19:00,1.2459016393442623
RU521_M_Cage_1,RU521 (M) 1,M,RU521,Treated,Day,31,2026-05-14 07:00:00,2026-05-14 19:00:18,07:00/19:00,0.8520249221183801
RU521_M_Cage_1,RU521 (M) 1,M,RU521,Treated,Day,32,2026-05-15 07:00:00,2026-05-15 19:00:09,07:00/19:00,1.604724409448819
RU521_M_Cage_1,RU521 (M) 1,M,RU521,Treated,Day,33,2026-05-16 07:00:00,2026-05-16 19:00:00,07:00/19:00,2.4742765273311895
RU521_M_Cage_2,RU521 (M) 2,M,RU521,Untreated,Day,1,2026-04-14 07:00:01,2026-04-14 19:00:01,07:00/19:00,7.013927576601671
RU521_M_Cage_2,RU521 (M) 2,M,RU521,Untreated,Day,2,2026-04-15 07:00:05,2026-04-15 19:00:00,07:00/19:00,8.757022471910112
RU521_M_Cage_2,RU521 (M) 2,M,RU521,Untreated,Day,3,2026-04-16 07:00:00,2026-04-16 19:00:00,07:00/19:00,7.091168091168091
RU521_M_Cage_2,RU521 (M) 2,M,RU521,Untreated,Day,4,2026-04-17 07:00:00,2026-04-17 19:00:09,07:00/19:00,6.919831223628692
RU521_M_Cage_2,RU521 (M) 2,M,RU521,Untreated,Day,5,2026-04-18 07:00:00,2026-04-18 19:00:03,07:00/19:00,2.0853146853146853
RU521_M_Cage_2,RU521 (M) 2,M,RU521,Untreated,Day,6,2026-04-19 07:00:00,2026-04-19 19:00:20,07:00/19:00,1.7923416789396172
RU521_M_Cage_2,RU521 (M) 2,M,RU521,Untreated,Day,7,2026-04-20 07:00:00,2026-04-20 19:00:00,07:00/19:00,2.0907759882869694
RU521_M_Cage_2,RU521 (M) 2,M,RU521,Untreated,Day,8,2026-04-21 07:00:00,2026-04-21 19:00:03,07:00/19:00,1.542857142857143
RU521_M_Cage_2,RU521 (M) 2,M,RU521,Untreated,Day,9,2026-04-22 07:00:00,2026-04-22 19:00:00,07:00/19:00,6.162237762237762
RU521_M_Cage_2,RU521 (M) 2,M,RU521,Untreated,Day,10,2026-04-23 07:00:00,2026-04-23 19:00:07,07:00/19:00,6.7250712250712255
RU521_M_Cage_2,RU521 (M) 2,M,RU521,Untreated,Day,11,2026-04-24 07:00:00,2026-04-24 19:00:00,07:00/19:00,5.449067431850789
RU521_M_Cage_2,RU521 (M) 2,M,RU521,Untreated,Day,12,2026-04-25 07:00:00,2026-04-25 19:00:00,07:00/19:00,8.224285714285715
RU521_M_Cage_2,RU521 (M) 2,M,RU521,Untreated,Day,13,2026-04-26 07:00:00,2026-04-26 19:00:02,07:00/19:00,6.873060648801128
RU521_M_Cage_2,RU521 (M) 2,M,RU521,Treated,Day,15,2026-04-28 07:00:00,2026-04-28 19:00:00,07:00/19:00,1.1819526627218935
RU521_M_Cage_2,RU521 (M) 2,M,RU521,Treated,Day,16,2026-04-29 07:00:01,2026-04-29 19:00:20,07:00/19:00,1.6411764705882352
RU521_M_Cage_2,RU521 (M) 2,M,RU521,Treated,Day,17,2026-04-30 07:00:04,2026-04-30 19:00:10,07:00/19:00,0.6129985228951256
RU521_M_Cage_2,RU521 (M) 2,M,RU521,Treated,Day,18,2026-05-01 07:00:00,2026-05-01 19:00:05,07:00/19:00,2.206794682422452
RU521_M_Cage_2,RU521 (M) 2,M,RU521,Treated,Day,19,2026-05-02 07:00:00,2026-05-02 19:00:05,07:00/19:00,1.3876080691642652
RU521_M_Cage_2,RU521 (M) 2,M,RU521,Treated,Day,20,2026-05-03 07:00:00,2026-05-03 19:00:00,07:00/19:00,1.791044776119403
RU521_M_Cage_2,RU521 (M) 2,M,RU521,Treated,Day,21,2026-05-04 07:00:01,2026-05-04 19:00:01,07:00/19:00,1.2
RU521_M_Cage_2,RU521 (M) 2,M,RU521,Treated,Day,22,2026-05-05 07:00:00,2026-05-05 19:01:05,07:00/19:00,0.7629179331306991
RU521_M_Cage_2,RU521 (M) 2,M,RU521,Treated,Day,23,2026-05-06 07:00:00,2026-05-06 19:00:06,07:00/19:00,1.8206214689265536
RU521_M_Cage_2,RU521 (M) 2,M,RU521,Treated,Day,24,2026-05-07 07:00:01,2026-05-07 19:00:01,07:00/19:00,2.1214511041009465
RU521_M_Cage_2,RU521 (M) 2,M,RU521,Treated,Day,25,2026-05-08 07:00:17,2026-05-08 19:01:02,07:00/19:00,1.3535502958579881
RU521_M_Cage_2,RU521 (M) 2,M,RU521,Treated,Day,26,2026-05-09 07:00:00,2026-05-09 19:00:03,07:00/19:00,0.8347701149425287
RU521_M_Cage_2,RU521 (M) 2,M,RU521,Treated,Day,27,2026-05-10 07:00:00,2026-05-10 19:00:00,07:00/19:00,0.75037147102526
RU521_M_Cage_2,RU521 (M) 2,M,RU521,Treated,Day,28,2026-05-11 07:00:00,2026-05-11 19:00:01,07:00/19:00,3.28696925329429
RU521_M_Cage_2,RU521 (M) 2,M,RU521,Treated,Day,29,2026-05-12 07:00:00,2026-05-12 19:00:03,07:00/19:00,1.5654761904761905
RU521_M_Cage_2,RU521 (M) 2,M,RU521,Treated,Day,30,2026-05-13 07:00:02,2026-05-13 19:00:04,07:00/19:00,0.2081967213114754
RU521_M_Cage_2,RU521 (M) 2,M,RU521,Treated,Day,31,2026-05-14 07:00:00,2026-05-14 19:00:18,07:00/19:00,0.7663551401869159
RU521_M_Cage_2,RU521 (M) 2,M,RU521,Treated,Day,32,2026-05-15 07:00:00,2026-05-15 19:00:09,07:00/19:00,1.5385826771653544
RU521_M_Cage_2,RU521 (M) 2,M,RU521,Treated,Day,33,2026-05-16 07:00:00,2026-05-16 19:00:00,07:00/19:00,0.8745980707395499
MIX_M_Cage_1,MIX (M) 1,M,MIX,Untreated,Night,1,2026-04-13 19:00:08,2026-04-14 07:00:01,07:00/19:00,7.329624478442281
MIX_M_Cage_1,MIX (M) 1,M,MIX,Untreated,Night,2,2026-04-14 19:00:01,2026-04-15 07:00:05,07:00/19:00,11.981894150417828
MIX_M_Cage_1,MIX (M) 1,M,MIX,Untreated,Night,3,2026-04-15 19:00:00,2026-04-16 07:00:00,07:00/19:00,12.454798331015299
MIX_M_Cage_1,MIX (M) 1,M,MIX,Untreated,Night,4,2026-04-16 19:00:00,2026-04-17 07:00:00,07:00/19:00,10.593880389429764
MIX_M_Cage_1,MIX (M) 1,M,MIX,Untreated,Night,5,2026-04-17 19:00:09,2026-04-18 07:00:00,07:00/19:00,12.507649513212796
MIX_M_Cage_1,MIX (M) 1,M,MIX,Untreated,Night,6,2026-04-18 19:00:03,2026-04-19 07:00:00,07:00/19:00,8.732962447844228
MIX_M_Cage_1,MIX (M) 1,M,MIX,Untreated,Night,7,2026-04-19 19:00:20,2026-04-20 07:00:00,07:00/19:00,11.030598052851182
MIX_M_Cage_1,MIX (M) 1,M,MIX,Untreated,Night,8,2026-04-20 19:00:00,2026-04-21 07:00:00,07:00/19:00,10.331015299026426
MIX_M_Cage_1,MIX (M) 1,M,MIX,Untreated,Night,9,2026-04-21 19:00:03,2026-04-22 07:00:00,07:00/19:00,12.28789986091794
MIX_M_Cage_1,MIX (M) 1,M,MIX,Untreated,Night,10,2026-04-22 19:00:00,2026-04-23 07:00:00,07:00/19:00,9.598052851182198
MIX_M_Cage_1,MIX (M) 1,M,MIX,Untreated,Night,11,2026-04-23 19:00:07,2026-04-24 07:00:00,07:00/19:00,11.552155771905424
MIX_M_Cage_1,MIX (M) 1,M,MIX,Untreated,Night,12,2026-04-24 19:00:00,2026-04-25 07:00:00,07:00/19:00,12.39499304589708
MIX_M_Cage_1,MIX (M) 1,M,MIX,Untreated,Night,13,2026-04-25 19:00:00,2026-04-26 07:00:00,07:00/19:00,11.604456824512535
MIX_M_Cage_1,MIX (M) 1,M,MIX,Untreated,Night,14,2026-04-26 19:00:02,2026-04-27 07:00:00,07:00/19:00,8.11682892906815
MIX_M_Cage_1,MIX (M) 1,M,MIX,Treated,Night,15,2026-04-27 19:00:00,2026-04-28 07:00:00,07:00/19:00,3.4506258692628653
MIX_M_Cage_1,MIX (M) 1,M,MIX,Treated,Night,16,2026-04-28 19:00:00,2026-04-29 07:00:01,07:00/19:00,8.301808066759389
MIX_M_Cage_1,MIX (M) 1,M,MIX,Treated,Night,17,2026-04-29 19:00:20,2026-04-30 07:00:04,07:00/19:00,8.527121001390821
MIX_M_Cage_1,MIX (M) 1,M,MIX,Treated,Night,18,2026-04-30 19:00:10,2026-05-01 07:00:00,07:00/19:00,6.851182197496523
MIX_M_Cage_1,MIX (M) 1,M,MIX,Treated,Night,19,2026-05-01 19:00:05,2026-05-02 07:00:00,07:00/19:00,9.581363004172461
MIX_M_Cage_1,MIX (M) 1,M,MIX,Treated,Night,20,2026-05-02 19:00:05,2026-05-03 07:00:00,07:00/19:00,10.364394993045897
MIX_M_Cage_1,MIX (M) 1,M,MIX,Treated,Night,21,2026-05-03 19:00:00,2026-05-04 07:00:01,07:00/19:00,7.339360222531293
MIX_M_Cage_1,MIX (M) 1,M,MIX,Treated,Night,22,2026-05-04 19:00:01,2026-05-05 07:00:00,07:00/19:00,4.917941585535466
MIX_M_Cage_1,MIX (M) 1,M,MIX,Treated,Night,23,2026-05-05 19:01:05,2026-05-06 07:00:00,07:00/19:00,7.938718662952646
MIX_M_Cage_1,MIX (M) 1,M,MIX,Treated,Night,24,2026-05-06 19:00:06,2026-05-07 07:00:01,07:00/19:00,6.474269819193324
MIX_M_Cage_1,MIX (M) 1,M,MIX,Treated,Night,25,2026-05-07 19:00:01,2026-05-08 07:00:17,07:00/19:00,5.268428372739916
MIX_M_Cage_1,MIX (M) 1,M,MIX,Treated,Night,26,2026-05-08 19:01:02,2026-05-09 07:00:00,07:00/19:00,4.373259052924791
MIX_M_Cage_1,MIX (M) 1,M,MIX,Treated,Night,27,2026-05-09 19:00:03,2026-05-10 07:00:00,07:00/19:00,5.7273991655076495
MIX_M_Cage_1,MIX (M) 1,M,MIX,Treated,Night,28,2026-05-10 19:00:00,2026-05-11 07:00:00,07:00/19:00,6.728789986091794
MIX_M_Cage_1,MIX (M) 1,M,MIX,Treated,Night,29,2026-05-11 19:00:01,2026-05-12 07:00:00,07:00/19:00,0.8386648122392212
MIX_M_Cage_1,MIX (M) 1,M,MIX,Treated,Night,30,2026-05-12 19:00:03,2026-05-13 07:00:02,07:00/19:00,6.6912378303198885
MIX_M_Cage_1,MIX (M) 1,M,MIX,Treated,Night,31,2026-05-13 19:00:04,2026-05-14 07:00:00,07:00/19:00,4.947148817802503
MIX_M_Cage_1,MIX (M) 1,M,MIX,Treated,Night,32,2026-05-14 19:00:18,2026-05-15 07:00:00,07:00/19:00,3.310152990264256
MIX_M_Cage_1,MIX (M) 1,M,MIX,Treated,Night,33,2026-05-15 19:00:09,2026-05-16 07:00:00,07:00/19:00,1.5674547983310152
MIX_M_Cage_1,MIX (M) 1,M,MIX,Treated,Night,34,2026-05-16 19:00:00,2026-05-17 07:00:02,07:00/19:00,1.5682451253481895
MIX_M_Cage_2,MIX (M) 2,M,MIX,Untreated,Night,1,2026-04-13 19:00:08,2026-04-14 07:00:01,07:00/19:00,6.350486787204451
MIX_M_Cage_2,MIX (M) 2,M,MIX,Untreated,Night,2,2026-04-14 19:00:01,2026-04-15 07:00:05,07:00/19:00,11.064066852367688
MIX_M_Cage_2,MIX (M) 2,M,MIX,Untreated,Night,3,2026-04-15 19:00:00,2026-04-16 07:00:00,07:00/19:00,9.301808066759389
MIX_M_Cage_2,MIX (M) 2,M,MIX,Untreated,Night,4,2026-04-16 19:00:00,2026-04-17 07:00:00,07:00/19:00,12.696801112656468
MIX_M_Cage_2,MIX (M) 2,M,MIX,Untreated,Night,5,2026-04-17 19:00:09,2026-04-18 07:00:00,07:00/19:00,1.972183588317107
MIX_M_Cage_2,MIX (M) 2,M,MIX,Untreated,Night,6,2026-04-18 19:00:03,2026-04-19 07:00:00,07:00/19:00,1.666203059805285
MIX_M_Cage_2,MIX (M) 2,M,MIX,Untreated,Night,7,2026-04-19 19:00:20,2026-04-20 07:00:00,07:00/19:00,9.959666203059806
MIX_M_Cage_2,MIX (M) 2,M,MIX,Untreated,Night,8,2026-04-20 19:00:00,2026-04-21 07:00:00,07:00/19:00,13.677329624478443
MIX_M_Cage_2,MIX (M) 2,M,MIX,Untreated,Night,9,2026-04-21 19:00:03,2026-04-22 07:00:00,07:00/19:00,10.289290681502086
MIX_M_Cage_2,MIX (M) 2,M,MIX,Untreated,Night,10,2026-04-22 19:00:00,2026-04-23 07:00:00,07:00/19:00,12.591098748261475
MIX_M_Cage_2,MIX (M) 2,M,MIX,Untreated,Night,11,2026-04-23 19:00:07,2026-04-24 07:00:00,07:00/19:00,12.332406119610571
MIX_M_Cage_2,MIX (M) 2,M,MIX,Untreated,Night,12,2026-04-24 19:00:00,2026-04-25 07:00:00,07:00/19:00,11.350486787204451
MIX_M_Cage_2,MIX (M) 2,M,MIX,Untreated,Night,13,2026-04-25 19:00:00,2026-04-26 07:00:00,07:00/19:00,15.167130919220055
MIX_M_Cage_2,MIX (M) 2,M,MIX,Untreated,Night,14,2026-04-26 19:00:02,2026-04-27 07:00:00,07:00/19:00,8.776077885952713
MIX_M_Cage_2,MIX (M) 2,M,MIX,Treated,Night,15,2026-04-27 19:00:00,2026-04-28 07:00:00,07:00/19:00,9.229485396383867
MIX_M_Cage_2,MIX (M) 2,M,MIX,Treated,Night,16,2026-04-28 19:00:00,2026-04-29 07:00:01,07:00/19:00,7.183588317107093
MIX_M_Cage_2,MIX (M) 2,M,MIX,Treated,Night,17,2026-04-29 19:00:20,2026-04-30 07:00:04,07:00/19:00,7.513212795549374
MIX_M_Cage_2,MIX (M) 2,M,MIX,Treated,Night,18,2026-04-30 19:00:10,2026-05-01 07:00:00,07:00/19:00,5.6300417246175245
MIX_M_Cage_2,MIX (M) 2,M,MIX,Treated,Night,19,2026-05-01 19:00:05,2026-05-02 07:00:00,07:00/19:00,7.346314325452017
MIX_M_Cage_2,MIX (M) 2,M,MIX,Treated,Night,20,2026-05-02 19:00:05,2026-05-03 07:00:00,07:00/19:00,8.984700973574409
MIX_M_Cage_2,MIX (M) 2,M,MIX,Treated,Night,21,2026-05-03 19:00:00,2026-05-04 07:00:01,07:00/19:00,7.443671766342142
MIX_M_Cage_2,MIX (M) 2,M,MIX,Treated,Night,22,2026-05-04 19:00:01,2026-05-05 07:00:00,07:00/19:00,5.393602225312935
MIX_M_Cage_2,MIX (M) 2,M,MIX,Treated,Night,23,2026-05-05 19:01:05,2026-05-06 07:00:00,07:00/19:00,6.33983286908078
MIX_M_Cage_2,MIX (M) 2,M,MIX,Treated,Night,24,2026-05-06 19:00:06,2026-05-07 07:00:01,07:00/19:00,7.257301808066759
MIX_M_Cage_2,MIX (M) 2,M,MIX,Treated,Night,25,2026-05-07 19:00:01,2026-05-08 07:00:17,07:00/19:00,0.7329624478442281
MIX_M_Cage_2,MIX (M) 2,M,MIX,Treated,Night,26,2026-05-08 19:01:02,2026-05-09 07:00:00,07:00/19:00,1.128133704735376
MIX_M_Cage_2,MIX (M) 2,M,MIX,Treated,Night,27,2026-05-09 19:00:03,2026-05-10 07:00:00,07:00/19:00,1.2906815020862308
MIX_M_Cage_2,MIX (M) 2,M,MIX,Treated,Night,28,2026-05-10 19:00:00,2026-05-11 07:00:00,07:00/19:00,8.510431154381084
MIX_M_Cage_2,MIX (M) 2,M,MIX,Treated,Night,29,2026-05-11 19:00:01,2026-05-12 07:00:00,07:00/19:00,3.5618915159944367
MIX_M_Cage_2,MIX (M) 2,M,MIX,Treated,Night,30,2026-05-12 19:00:03,2026-05-13 07:00:02,07:00/19:00,6.948539638386648
MIX_M_Cage_2,MIX (M) 2,M,MIX,Treated,Night,31,2026-05-13 19:00:04,2026-05-14 07:00:00,07:00/19:00,5.842837273991655
MIX_M_Cage_2,MIX (M) 2,M,MIX,Treated,Night,32,2026-05-14 19:00:18,2026-05-15 07:00:00,07:00/19:00,1.1474269819193323
MIX_M_Cage_2,MIX (M) 2,M,MIX,Treated,Night,33,2026-05-15 19:00:09,2026-05-16 07:00:00,07:00/19:00,4.364394993045897
MIX_M_Cage_2,MIX (M) 2,M,MIX,Treated,Night,34,2026-05-16 19:00:00,2026-05-17 07:00:02,07:00/19:00,1.2910863509749304
R837_M_Cage_1,R837 (M) 1,M,R837,Untreated,Night,1,2026-04-13 19:00:08,2026-04-14 07:00:01,07:00/19:00,4.828929068150209
R837_M_Cage_1,R837 (M) 1,M,R837,Untreated,Night,2,2026-04-14 19:00:01,2026-04-15 07:00:05,07:00/19:00,9.770194986072424
R837_M_Cage_1,R837 (M) 1,M,R837,Untreated,Night,3,2026-04-15 19:00:00,2026-04-16 07:00:00,07:00/19:00,13.344923504867872
R837_M_Cage_1,R837 (M) 1,M,R837,Untreated,Night,4,2026-04-16 19:00:00,2026-04-17 07:00:00,07:00/19:00,14.709318497913769
R837_M_Cage_1,R837 (M) 1,M,R837,Untreated,Night,5,2026-04-17 19:00:09,2026-04-18 07:00:00,07:00/19:00,14.844228094575799
R837_M_Cage_1,R837 (M) 1,M,R837,Untreated,Night,6,2026-04-18 19:00:03,2026-04-19 07:00:00,07:00/19:00,12.78720445062587
R837_M_Cage_1,R837 (M) 1,M,R837,Untreated,Night,7,2026-04-19 19:00:20,2026-04-20 07:00:00,07:00/19:00,14.885952712100138
R837_M_Cage_1,R837 (M) 1,M,R837,Untreated,Night,8,2026-04-20 19:00:00,2026-04-21 07:00:00,07:00/19:00,14.472878998609179
R837_M_Cage_1,R837 (M) 1,M,R837,Untreated,Night,9,2026-04-21 19:00:03,2026-04-22 07:00:00,07:00/19:00,9.756606397774688
R837_M_Cage_1,R837 (M) 1,M,R837,Untreated,Night,10,2026-04-22 19:00:00,2026-04-23 07:00:00,07:00/19:00,9.127955493741307
R837_M_Cage_1,R837 (M) 1,M,R837,Untreated,Night,11,2026-04-23 19:00:07,2026-04-24 07:00:00,07:00/19:00,7.705146036161335
R837_M_Cage_1,R837 (M) 1,M,R837,Untreated,Night,12,2026-04-24 19:00:00,2026-04-25 07:00:00,07:00/19:00,5.528511821974965
R837_M_Cage_1,R837 (M) 1,M,R837,Untreated,Night,13,2026-04-25 19:00:00,2026-04-26 07:00:00,07:00/19:00,5.63091922005571
R837_M_Cage_1,R837 (M) 1,M,R837,Untreated,Night,14,2026-04-26 19:00:02,2026-04-27 07:00:00,07:00/19:00,6.273991655076495
R837_M_Cage_1,R837 (M) 1,M,R837,Treated,Night,15,2026-04-27 19:00:00,2026-04-28 07:00:00,07:00/19:00,4.627260083449235
R837_M_Cage_1,R837 (M) 1,M,R837,Treated,Night,16,2026-04-28 19:00:00,2026-04-29 07:00:01,07:00/19:00,4.023643949930459
R837_M_Cage_1,R837 (M) 1,M,R837,Treated,Night,17,2026-04-29 19:00:20,2026-04-30 07:00:04,07:00/19:00,11.908205841446453
R837_M_Cage_1,R837 (M) 1,M,R837,Treated,Night,18,2026-04-30 19:00:10,2026-05-01 07:00:00,07:00/19:00,6.620305980528512
R837_M_Cage_1,R837 (M) 1,M,R837,Treated,Night,19,2026-05-01 19:00:05,2026-05-02 07:00:00,07:00/19:00,14.20027816411683
R837_M_Cage_1,R837 (M) 1,M,R837,Treated,Night,20,2026-05-02 19:00:05,2026-05-03 07:00:00,07:00/19:00,11.798331015299027
R837_M_Cage_1,R837 (M) 1,M,R837,Treated,Night,21,2026-05-03 19:00:00,2026-05-04 07:00:01,07:00/19:00,9.148817802503476
R837_M_Cage_1,R837 (M) 1,M,R837,Treated,Night,22,2026-05-04 19:00:01,2026-05-05 07:00:00,07:00/19:00,1.9082058414464533
R837_M_Cage_1,R837 (M) 1,M,R837,Treated,Night,23,2026-05-05 19:01:05,2026-05-06 07:00:00,07:00/19:00,9.038997214484679
R837_M_Cage_1,R837 (M) 1,M,R837,Treated,Night,24,2026-05-06 19:00:06,2026-05-07 07:00:01,07:00/19:00,10.634214186369958
R837_M_Cage_1,R837 (M) 1,M,R837,Treated,Night,25,2026-05-07 19:00:01,2026-05-08 07:00:17,07:00/19:00,4.331015299026426
R837_M_Cage_1,R837 (M) 1,M,R837,Treated,Night,26,2026-05-08 19:01:02,2026-05-09 07:00:00,07:00/19:00,8.186629526462395
R837_M_Cage_1,R837 (M) 1,M,R837,Treated,Night,27,2026-05-09 19:00:03,2026-05-10 07:00:00,07:00/19:00,8.107093184979139
R837_M_Cage_1,R837 (M) 1,M,R837,Treated,Night,28,2026-05-10 19:00:00,2026-05-11 07:00:00,07:00/19:00,8.328233657858137
R837_M_Cage_1,R837 (M) 1,M,R837,Treated,Night,29,2026-05-11 19:00:01,2026-05-12 07:00:00,07:00/19:00,5.7454798331015295
R837_M_Cage_1,R837 (M) 1,M,R837,Treated,Night,30,2026-05-12 19:00:03,2026-05-13 07:00:02,07:00/19:00,8.034770514603617
R837_M_Cage_1,R837 (M) 1,M,R837,Treated,Night,31,2026-05-13 19:00:04,2026-05-14 07:00:00,07:00/19:00,8.74547983310153
R837_M_Cage_1,R837 (M) 1,M,R837,Treated,Night,32,2026-05-14 19:00:18,2026-05-15 07:00:00,07:00/19:00,7.275382475660639
R837_M_Cage_1,R837 (M) 1,M,R837,Treated,Night,33,2026-05-15 19:00:09,2026-05-16 07:00:00,07:00/19:00,4.986091794158553
R837_M_Cage_1,R837 (M) 1,M,R837,Treated,Night,34,2026-05-16 19:00:00,2026-05-17 07:00:02,07:00/19:00,5.6364902506963785
R837_M_Cage_2,R837 (M) 2,M,R837,Untreated,Night,1,2026-04-13 19:00:08,2026-04-14 07:00:01,07:00/19:00,10.68567454798331
R837_M_Cage_2,R837 (M) 2,M,R837,Untreated,Night,2,2026-04-14 19:00:01,2026-04-15 07:00:05,07:00/19:00,8.079387186629527
R837_M_Cage_2,R837 (M) 2,M,R837,Untreated,Night,3,2026-04-15 19:00:00,2026-04-16 07:00:00,07:00/19:00,10.79972183588317
R837_M_Cage_2,R837 (M) 2,M,R837,Untreated,Night,4,2026-04-16 19:00:00,2026-04-17 07:00:00,07:00/19:00,9.415855354659248
R837_M_Cage_2,R837 (M) 2,M,R837,Untreated,Night,5,2026-04-17 19:00:09,2026-04-18 07:00:00,07:00/19:00,11.382475660639777
R837_M_Cage_2,R837 (M) 2,M,R837,Untreated,Night,6,2026-04-18 19:00:03,2026-04-19 07:00:00,07:00/19:00,8.129346314325453
R837_M_Cage_2,R837 (M) 2,M,R837,Untreated,Night,7,2026-04-19 19:00:20,2026-04-20 07:00:00,07:00/19:00,9.513212795549373
R837_M_Cage_2,R837 (M) 2,M,R837,Untreated,Night,8,2026-04-20 19:00:00,2026-04-21 07:00:00,07:00/19:00,10.833101529902642
R837_M_Cage_2,R837 (M) 2,M,R837,Untreated,Night,9,2026-04-21 19:00:03,2026-04-22 07:00:00,07:00/19:00,9.82336578581363
R837_M_Cage_2,R837 (M) 2,M,R837,Untreated,Night,10,2026-04-22 19:00:00,2026-04-23 07:00:00,07:00/19:00,10.96105702364395
R837_M_Cage_2,R837 (M) 2,M,R837,Untreated,Night,11,2026-04-23 19:00:07,2026-04-24 07:00:00,07:00/19:00,11.995827538247566
R837_M_Cage_2,R837 (M) 2,M,R837,Untreated,Night,12,2026-04-24 19:00:00,2026-04-25 07:00:00,07:00/19:00,10.062586926286508
R837_M_Cage_2,R837 (M) 2,M,R837,Untreated,Night,13,2026-04-25 19:00:00,2026-04-26 07:00:00,07:00/19:00,10.338440111420613
R837_M_Cage_2,R837 (M) 2,M,R837,Untreated,Night,14,2026-04-26 19:00:02,2026-04-27 07:00:00,07:00/19:00,12.386648122392211
R837_M_Cage_2,R837 (M) 2,M,R837,Treated,Night,15,2026-04-27 19:00:00,2026-04-28 07:00:00,07:00/19:00,11.630041724617524
R837_M_Cage_2,R837 (M) 2,M,R837,Treated,Night,16,2026-04-28 19:00:00,2026-04-29 07:00:01,07:00/19:00,7.919332406119611
R837_M_Cage_2,R837 (M) 2,M,R837,Treated,Night,17,2026-04-29 19:00:20,2026-04-30 07:00:04,07:00/19:00,10.751043115438108
R837_M_Cage_2,R837 (M) 2,M,R837,Treated,Night,18,2026-04-30 19:00:10,2026-05-01 07:00:00,07:00/19:00,7.098748261474269
R837_M_Cage_2,R837 (M) 2,M,R837,Treated,Night,19,2026-05-01 19:00:05,2026-05-02 07:00:00,07:00/19:00,11.855354659248956
R837_M_Cage_2,R837 (M) 2,M,R837,Treated,Night,20,2026-05-02 19:00:05,2026-05-03 07:00:00,07:00/19:00,9.474269819193324
R837_M_Cage_2,R837 (M) 2,M,R837,Treated,Night,21,2026-05-03 19:00:00,2026-05-04 07:00:01,07:00/19:00,10.99443671766342
R837_M_Cage_2,R837 (M) 2,M,R837,Treated,Night,22,2026-05-04 19:00:01,2026-05-05 07:00:00,07:00/19:00,8.635605006954103
R837_M_Cage_2,R837 (M) 2,M,R837,Treated,Night,23,2026-05-05 19:01:05,2026-05-06 07:00:00,07:00/19:00,8.052924791086351
R837_M_Cage_2,R837 (M) 2,M,R837,Treated,Night,24,2026-05-06 19:00:06,2026-05-07 07:00:01,07:00/19:00,7.51182197496523
R837_M_Cage_2,R837 (M) 2,M,R837,Treated,Night,25,2026-05-07 19:00:01,2026-05-08 07:00:17,07:00/19:00,5.6912378303198885
R837_M_Cage_2,R837 (M) 2,M,R837,Treated,Night,26,2026-05-08 19:01:02,2026-05-09 07:00:00,07:00/19:00,9.377437325905293
R837_M_Cage_2,R837 (M) 2,M,R837,Treated,Night,27,2026-05-09 19:00:03,2026-05-10 07:00:00,07:00/19:00,10.467315716272601
R837_M_Cage_2,R837 (M) 2,M,R837,Treated,Night,28,2026-05-10 19:00:00,2026-05-11 07:00:00,07:00/19:00,6.926286509040334
R837_M_Cage_2,R837 (M) 2,M,R837,Treated,Night,29,2026-05-11 19:00:01,2026-05-12 07:00:00,07:00/19:00,5.393602225312935
R837_M_Cage_2,R837 (M) 2,M,R837,Treated,Night,30,2026-05-12 19:00:03,2026-05-13 07:00:02,07:00/19:00,8.076495132127956
R837_M_Cage_2,R837 (M) 2,M,R837,Treated,Night,31,2026-05-13 19:00:04,2026-05-14 07:00:00,07:00/19:00,7.816411682892907
R837_M_Cage_2,R837 (M) 2,M,R837,Treated,Night,32,2026-05-14 19:00:18,2026-05-15 07:00:00,07:00/19:00,6.159944367176634
R837_M_Cage_2,R837 (M) 2,M,R837,Treated,Night,33,2026-05-15 19:00:09,2026-05-16 07:00:00,07:00/19:00,7.877607788595271
R837_M_Cage_2,R837 (M) 2,M,R837,Treated,Night,34,2026-05-16 19:00:00,2026-05-17 07:00:02,07:00/19:00,5.881615598885793
RU521_M_Cage_1,RU521 (M) 1,M,RU521,Untreated,Night,1,2026-04-13 19:00:08,2026-04-14 07:00:01,07:00/19:00,10.88317107093185
RU521_M_Cage_1,RU521 (M) 1,M,RU521,Untreated,Night,2,2026-04-14 19:00:01,2026-04-15 07:00:05,07:00/19:00,8.332869080779945
RU521_M_Cage_1,RU521 (M) 1,M,RU521,Untreated,Night,3,2026-04-15 19:00:00,2026-04-16 07:00:00,07:00/19:00,9.671766342141863
RU521_M_Cage_1,RU521 (M) 1,M,RU521,Untreated,Night,4,2026-04-16 19:00:00,2026-04-17 07:00:00,07:00/19:00,9.634214186369958
RU521_M_Cage_1,RU521 (M) 1,M,RU521,Untreated,Night,5,2026-04-17 19:00:09,2026-04-18 07:00:00,07:00/19:00,6.346314325452017
RU521_M_Cage_1,RU521 (M) 1,M,RU521,Untreated,Night,6,2026-04-18 19:00:03,2026-04-19 07:00:00,07:00/19:00,9.130737134909596
RU521_M_Cage_1,RU521 (M) 1,M,RU521,Untreated,Night,7,2026-04-19 19:00:20,2026-04-20 07:00:00,07:00/19:00,6.4130737134909594
RU521_M_Cage_1,RU521 (M) 1,M,RU521,Untreated,Night,8,2026-04-20 19:00:00,2026-04-21 07:00:00,07:00/19:00,9.479833101529902
RU521_M_Cage_1,RU521 (M) 1,M,RU521,Untreated,Night,9,2026-04-21 19:00:03,2026-04-22 07:00:00,07:00/19:00,4.617524339360222
RU521_M_Cage_1,RU521 (M) 1,M,RU521,Untreated,Night,10,2026-04-22 19:00:00,2026-04-23 07:00:00,07:00/19:00,0.655076495132128
RU521_M_Cage_1,RU521 (M) 1,M,RU521,Untreated,Night,11,2026-04-23 19:00:07,2026-04-24 07:00:00,07:00/19:00,0.15438108484005564
RU521_M_Cage_1,RU521 (M) 1,M,RU521,Untreated,Night,12,2026-04-24 19:00:00,2026-04-25 07:00:00,07:00/19:00,0.009735744089012517
RU521_M_Cage_1,RU521 (M) 1,M,RU521,Untreated,Night,13,2026-04-25 19:00:00,2026-04-26 07:00:00,07:00/19:00,0.027855153203342618
RU521_M_Cage_1,RU521 (M) 1,M,RU521,Untreated,Night,14,2026-04-26 19:00:02,2026-04-27 07:00:00,07:00/19:00,7.929068150208623
RU521_M_Cage_1,RU521 (M) 1,M,RU521,Treated,Night,15,2026-04-27 19:00:00,2026-04-28 07:00:00,07:00/19:00,2.5076495132127956
RU521_M_Cage_1,RU521 (M) 1,M,RU521,Treated,Night,16,2026-04-28 19:00:00,2026-04-29 07:00:01,07:00/19:00,9.052851182197497
RU521_M_Cage_1,RU521 (M) 1,M,RU521,Treated,Night,17,2026-04-29 19:00:20,2026-04-30 07:00:04,07:00/19:00,10.860917941585535
RU521_M_Cage_1,RU521 (M) 1,M,RU521,Treated,Night,18,2026-04-30 19:00:10,2026-05-01 07:00:00,07:00/19:00,8.130737134909596
RU521_M_Cage_1,RU521 (M) 1,M,RU521,Treated,Night,19,2026-05-01 19:00:05,2026-05-02 07:00:00,07:00/19:00,8.375521557719054
RU521_M_Cage_1,RU521 (M) 1,M,RU521,Treated,Night,20,2026-05-02 19:00:05,2026-05-03 07:00:00,07:00/19:00,7.1821974965229485
RU521_M_Cage_1,RU521 (M) 1,M,RU521,Treated,Night,21,2026-05-03 19:00:00,2026-05-04 07:00:01,07:00/19:00,8.606397774687066
RU521_M_Cage_1,RU521 (M) 1,M,RU521,Treated,Night,22,2026-05-04 19:00:01,2026-05-05 07:00:00,07:00/19:00,8.129346314325453
RU521_M_Cage_1,RU521 (M) 1,M,RU521,Treated,Night,23,2026-05-05 19:01:05,2026-05-06 07:00:00,07:00/19:00,6.917827298050139
RU521_M_Cage_1,RU521 (M) 1,M,RU521,Treated,Night,24,2026-05-06 19:00:06,2026-05-07 07:00:01,07:00/19:00,9.627260083449235
RU521_M_Cage_1,RU521 (M) 1,M,RU521,Treated,Night,25,2026-05-07 19:00:01,2026-05-08 07:00:17,07:00/19:00,10.122392211404728
RU521_M_Cage_1,RU521 (M) 1,M,RU521,Treated,Night,26,2026-05-08 19:01:02,2026-05-09 07:00:00,07:00/19:00,11.196378830083566
RU521_M_Cage_1,RU521 (M) 1,M,RU521,Treated,Night,27,2026-05-09 19:00:03,2026-05-10 07:00:00,07:00/19:00,14.029207232267037
RU521_M_Cage_1,RU521 (M) 1,M,RU521,Treated,Night,28,2026-05-10 19:00:00,2026-05-11 07:00:00,07:00/19:00,10.050069541029208
RU521_M_Cage_1,RU521 (M) 1,M,RU521,Treated,Night,29,2026-05-11 19:00:01,2026-05-12 07:00:00,07:00/19:00,6.114047287899861
RU521_M_Cage_1,RU521 (M) 1,M,RU521,Treated,Night,30,2026-05-12 19:00:03,2026-05-13 07:00:02,07:00/19:00,1.6342141863699582
RU521_M_Cage_1,RU521 (M) 1,M,RU521,Treated,Night,31,2026-05-13 19:00:04,2026-05-14 07:00:00,07:00/19:00,0.6453407510431154
RU521_M_Cage_1,RU521 (M) 1,M,RU521,Treated,Night,32,2026-05-14 19:00:18,2026-05-15 07:00:00,07:00/19:00,2.600834492350487
RU521_M_Cage_1,RU521 (M) 1,M,RU521,Treated,Night,33,2026-05-15 19:00:09,2026-05-16 07:00:00,07:00/19:00,1.870653685674548
RU521_M_Cage_1,RU521 (M) 1,M,RU521,Treated,Night,34,2026-05-16 19:00:00,2026-05-17 07:00:02,07:00/19:00,1.2047353760445683
RU521_M_Cage_2,RU521 (M) 2,M,RU521,Untreated,Night,1,2026-04-13 19:00:08,2026-04-14 07:00:01,07:00/19:00,18.130737134909598
RU521_M_Cage_2,RU521 (M) 2,M,RU521,Untreated,Night,2,2026-04-14 19:00:01,2026-04-15 07:00:05,07:00/19:00,14.410863509749303
RU521_M_Cage_2,RU521 (M) 2,M,RU521,Untreated,Night,3,2026-04-15 19:00:00,2026-04-16 07:00:00,07:00/19:00,14.937413073713492
RU521_M_Cage_2,RU521 (M) 2,M,RU521,Untreated,Night,4,2026-04-16 19:00:00,2026-04-17 07:00:00,07:00/19:00,14.002781641168289
RU521_M_Cage_2,RU521 (M) 2,M,RU521,Untreated,Night,5,2026-04-17 19:00:09,2026-04-18 07:00:00,07:00/19:00,11.282336578581363
RU521_M_Cage_2,RU521 (M) 2,M,RU521,Untreated,Night,6,2026-04-18 19:00:03,2026-04-19 07:00:00,07:00/19:00,9.221140472878998
RU521_M_Cage_2,RU521 (M) 2,M,RU521,Untreated,Night,7,2026-04-19 19:00:20,2026-04-20 07:00:00,07:00/19:00,7.178025034770514
RU521_M_Cage_2,RU521 (M) 2,M,RU521,Untreated,Night,8,2026-04-20 19:00:00,2026-04-21 07:00:00,07:00/19:00,6.938803894297636
RU521_M_Cage_2,RU521 (M) 2,M,RU521,Untreated,Night,9,2026-04-21 19:00:03,2026-04-22 07:00:00,07:00/19:00,16.175243393602226
RU521_M_Cage_2,RU521 (M) 2,M,RU521,Untreated,Night,10,2026-04-22 19:00:00,2026-04-23 07:00:00,07:00/19:00,15.962447844228095
RU521_M_Cage_2,RU521 (M) 2,M,RU521,Untreated,Night,11,2026-04-23 19:00:07,2026-04-24 07:00:00,07:00/19:00,14.201668984700973
RU521_M_Cage_2,RU521 (M) 2,M,RU521,Untreated,Night,12,2026-04-24 19:00:00,2026-04-25 07:00:00,07:00/19:00,13.521557719054242
RU521_M_Cage_2,RU521 (M) 2,M,RU521,Untreated,Night,13,2026-04-25 19:00:00,2026-04-26 07:00:00,07:00/19:00,14.785515320334262
RU521_M_Cage_2,RU521 (M) 2,M,RU521,Untreated,Night,14,2026-04-26 19:00:02,2026-04-27 07:00:00,07:00/19:00,13.260083449235049
RU521_M_Cage_2,RU521 (M) 2,M,RU521,Treated,Night,15,2026-04-27 19:00:00,2026-04-28 07:00:00,07:00/19:00,6.88317107093185
RU521_M_Cage_2,RU521 (M) 2,M,RU521,Treated,Night,16,2026-04-28 19:00:00,2026-04-29 07:00:01,07:00/19:00,7.189151599443671
RU521_M_Cage_2,RU521 (M) 2,M,RU521,Treated,Night,17,2026-04-29 19:00:20,2026-04-30 07:00:04,07:00/19:00,8.46453407510431
RU521_M_Cage_2,RU521 (M) 2,M,RU521,Treated,Night,18,2026-04-30 19:00:10,2026-05-01 07:00:00,07:00/19:00,8.161335187760779
RU521_M_Cage_2,RU521 (M) 2,M,RU521,Treated,Night,19,2026-05-01 19:00:05,2026-05-02 07:00:00,07:00/19:00,10.527121001390821
RU521_M_Cage_2,RU521 (M) 2,M,RU521,Treated,Night,20,2026-05-02 19:00:05,2026-05-03 07:00:00,07:00/19:00,13.556328233657858
RU521_M_Cage_2,RU521 (M) 2,M,RU521,Treated,Night,21,2026-05-03 19:00:00,2026-05-04 07:00:01,07:00/19:00,5.581363004172462
RU521_M_Cage_2,RU521 (M) 2,M,RU521,Treated,Night,22,2026-05-04 19:00:01,2026-05-05 07:00:00,07:00/19:00,6.614742698191933
RU521_M_Cage_2,RU521 (M) 2,M,RU521,Treated,Night,23,2026-05-05 19:01:05,2026-05-06 07:00:00,07:00/19:00,7.607242339832869
RU521_M_Cage_2,RU521 (M) 2,M,RU521,Treated,Night,24,2026-05-06 19:00:06,2026-05-07 07:00:01,07:00/19:00,3.1057023643949933
RU521_M_Cage_2,RU521 (M) 2,M,RU521,Treated,Night,25,2026-05-07 19:00:01,2026-05-08 07:00:17,07:00/19:00,6.86509040333797
RU521_M_Cage_2,RU521 (M) 2,M,RU521,Treated,Night,26,2026-05-08 19:01:02,2026-05-09 07:00:00,07:00/19:00,8.413649025069638
RU521_M_Cage_2,RU521 (M) 2,M,RU521,Treated,Night,27,2026-05-09 19:00:03,2026-05-10 07:00:00,07:00/19:00,9.477051460361613
RU521_M_Cage_2,RU521 (M) 2,M,RU521,Treated,Night,28,2026-05-10 19:00:00,2026-05-11 07:00:00,07:00/19:00,10.219749652294855
RU521_M_Cage_2,RU521 (M) 2,M,RU521,Treated,Night,29,2026-05-11 19:00:01,2026-05-12 07:00:00,07:00/19:00,9.632823365785814
RU521_M_Cage_2,RU521 (M) 2,M,RU521,Treated,Night,30,2026-05-12 19:00:03,2026-05-13 07:00:02,07:00/19:00,10.484005563282336
RU521_M_Cage_2,RU521 (M) 2,M,RU521,Treated,Night,31,2026-05-13 19:00:04,2026-05-14 07:00:00,07:00/19:00,0.6995827538247567
RU521_M_Cage_2,RU521 (M) 2,M,RU521,Treated,Night,32,2026-05-14 19:00:18,2026-05-15 07:00:00,07:00/19:00,7.342141863699583
RU521_M_Cage_2,RU521 (M) 2,M,RU521,Treated,Night,33,2026-05-15 19:00:09,2026-05-16 07:00:00,07:00/19:00,5.168289290681502
RU521_M_Cage_2,RU521 (M) 2,M,RU521,Treated,Night,34,2026-05-16 19:00:00,2026-05-17 07:00:02,07:00/19:00,8.275766016713092
